Rk,Player,Pos,Age,Tm,G,GS,MP,FG,FGA,FG%,3P,3PA,3P%,2P,2PA,2P%,eFG%,FT,FTA,FT%,ORB,DRB,TRB,AST,STL,BLK,TOV,PF,PTS
1,Precious Achiuwa,C-PF,24,TOT,46,7,20.4,3.2,6.5,0.49,0.4,1.5,0.265,2.8,5,0.557,0.52,0.8,1.2,0.625,2.3,3.6,5.9,1.3,0.6,0.7,1,1.8,7.5
1,Precious Achiuwa,C,24,TOR,25,0,17.5,3.1,6.8,0.459,0.5,1.9,0.277,2.6,4.9,0.528,0.497,1,1.7,0.571,2,3.4,5.4,1.8,0.6,0.5,1.2,1.6,7.7
1,Precious Achiuwa,PF,24,NYK,21,7,23.9,3.2,6.1,0.531,0.2,1,0.238,3,5.1,0.589,0.551,0.5,0.7,0.786,2.6,3.9,6.5,0.8,0.6,1,0.8,2,7.2
2,Bam Adebayo,C,26,MIA,43,43,34.5,7.6,15,0.505,0,0.3,0.091,7.6,14.8,0.513,0.506,5,6.4,0.78,2.2,8.3,10.6,4,1,1,2.4,2.5,20.3
3,Ochai Agbaji,SG,23,TOT,52,10,19.7,2.1,5,0.422,0.9,2.8,0.32,1.2,2.1,0.559,0.514,0.3,0.4,0.739,0.7,1.8,2.5,0.9,0.5,0.6,0.7,1.3,5.4
3,Ochai Agbaji,SG,23,UTA,51,10,19.7,2.1,4.9,0.426,0.9,2.8,0.331,1.2,2.1,0.551,0.52,0.3,0.4,0.75,0.7,1.8,2.5,0.9,0.5,0.6,0.7,1.3,5.4
3,Ochai Agbaji,SG,23,TOR,1,0,19,3,9,0.333,0,5,0,3,4,0.75,0.333,2,3,0.667,0,2,2,0,0,0,1,3,8
4,Santi Aldama,PF,23,MEM,41,15,24.6,4,9.3,0.433,1.7,4.9,0.35,2.3,4.5,0.525,0.525,0.9,1.4,0.603,1.2,4.5,5.7,2,0.7,0.7,1.1,1.5,10.7
5,Nickeil Alexander-Walker,SG,25,MIN,52,16,23,2.4,5.8,0.417,1.4,3.8,0.36,1,2,0.529,0.536,0.5,0.7,0.757,0.4,1.5,1.9,2.5,0.9,0.5,0.9,1.9,6.8
6,Grayson Allen,SG,28,PHO,47,47,32.9,4.3,8.4,0.511,2.6,5.2,0.49,1.7,3.2,0.547,0.663,1.6,1.8,0.884,0.6,3.4,4,3.1,0.9,0.6,1.3,2.1,12.8
7,Jarrett Allen,C,25,CLE,46,46,30.5,6.4,9.9,0.644,0,0.1,0,6.4,9.8,0.65,0.644,2.8,3.7,0.747,3.6,7.1,10.6,2.8,0.8,1.2,1.8,2.3,15.5
8,Jose Alvarado,PG,25,NOP,35,0,16.5,2.5,5.9,0.417,1.3,3.4,0.367,1.2,2.5,0.488,0.524,0.7,1,0.657,0.4,1.7,2.1,1.8,1.1,0.3,0.7,1.4,6.8
9,Kyle Anderson,PF,30,MIN,52,2,21.9,2.4,5.1,0.472,0.1,0.6,0.194,2.3,4.5,0.509,0.483,1.2,1.8,0.681,0.8,2.7,3.5,4,0.8,0.6,1.3,1.5,6.2
10,Giannis Antetokounmpo,PF,29,MIL,51,51,35,11.5,18.9,0.609,0.5,1.8,0.25,11,17.1,0.646,0.62,7.3,11.1,0.657,2.5,8.7,11.2,6.3,1.4,1.1,3.5,3.1,30.7
11,Thanasis Antetokounmpo,PF,31,MIL,21,0,4.5,0.5,0.9,0.526,0,0,0,0.5,0.9,0.556,0.526,0,0,0,0.2,0.2,0.4,0.5,0.1,0.2,0.4,0.8,1
12,Cole Anthony,PG,23,ORL,52,0,23.1,4.1,9.4,0.432,1.1,3.3,0.326,3,6.1,0.489,0.489,2.8,3.3,0.838,0.9,3.2,4.1,3.1,0.8,0.4,1.8,2.5,12
13,OG Anunoby,SF,26,TOT,41,41,34.1,5.8,11.7,0.498,2.1,5.5,0.379,3.7,6.1,0.606,0.588,1.6,2,0.774,1,3.2,4.2,2.3,1.3,0.7,1.5,2.3,15.3
13,OG Anunoby,SF,26,TOR,27,27,33.3,5.8,11.9,0.489,2.3,6,0.374,3.6,5.9,0.608,0.584,1.2,1.7,0.717,0.9,3,3.9,2.7,1,0.5,1.6,2.3,15.1
13,OG Anunoby,SF,26,NYK,14,14,35.7,5.8,11.2,0.516,1.8,4.6,0.391,4,6.6,0.602,0.596,2.3,2.7,0.842,1.1,3.6,4.6,1.5,1.8,1.1,1.4,2.4,15.6
14,Ryan Arcidiacono,PG,29,NYK,20,0,2.3,0,0.3,0,0,0.3,0,0,0,0,0,0,0,0,0,0.4,0.4,0.2,0.1,0,0.1,0.3,0
15,Deni Avdija,SF,23,WAS,52,52,27.8,4.8,9.4,0.515,1.1,2.7,0.393,3.8,6.7,0.565,0.572,2.3,3,0.747,1,5.4,6.4,3.8,0.8,0.4,1.9,2.5,13
16,Deandre Ayton,C,25,POR,35,35,32,6.4,11.6,0.554,0,0,0,6.4,11.6,0.554,0.554,1.1,1.3,0.809,3.1,7.3,10.4,1.7,1,0.8,1.8,2.2,13.9
17,Udoka Azubuike,C,24,PHO,13,0,7.9,1.2,1.7,0.727,0,0,0,1.2,1.7,0.727,0.727,0.2,0.8,0.273,0.8,1.5,2.4,0.2,0,0.5,0.3,1.3,2.7
18,Ibou Badji,C,21,POR,15,1,12.3,0.7,1.1,0.647,0,0,0,0.7,1.1,0.647,0.647,0.2,0.4,0.5,1.2,1.8,3,0.7,0.1,1.3,0.9,2.5,1.7
19,Marvin Bagley III,C,24,TOT,35,13,19.6,4.4,7.6,0.585,0.1,0.3,0.2,4.4,7.3,0.6,0.589,2.3,3,0.752,2.3,3.1,5.3,1.1,0.3,0.5,1.3,1.9,11.2
19,Marvin Bagley III,C,24,DET,26,10,18.4,4.1,7,0.591,0,0.2,0.167,4.1,6.7,0.606,0.594,1.9,2.3,0.82,1.8,2.8,4.5,1,0.2,0.5,1.1,1.5,10.2
19,Marvin Bagley III,C,24,WAS,9,3,23,5.3,9.3,0.571,0.1,0.4,0.25,5.2,8.9,0.588,0.577,3.2,4.9,0.659,3.7,3.9,7.6,1.2,0.6,0.6,1.8,2.8,14
20,Amari Bailey,PG,19,CHO,3,0,5,0.7,2.3,0.286,0,1,0,0.7,1.3,0.5,0.286,0.3,0.7,0.5,0.7,0,0.7,0.3,0,0,0.3,0,1.7
21,Patrick Baldwin Jr.,SF,21,WAS,17,0,7.2,0.9,2.4,0.39,0.6,1.3,0.455,0.4,1.1,0.316,0.512,0.5,0.7,0.667,0.4,1.7,2.1,0.4,0.1,0.2,0.4,1.2,2.9
22,LaMelo Ball,PG,22,CHO,22,22,32.3,8.3,19.2,0.433,3.2,9,0.355,5.1,10.3,0.5,0.515,4.1,4.7,0.865,1.3,3.8,5.1,8,1.8,0.2,3.8,3.6,23.9
23,Mo Bamba,C,25,PHI,30,0,10.3,1.6,3.2,0.5,0.4,0.8,0.44,1.2,2.4,0.521,0.557,0.5,0.8,0.64,1.4,2.2,3.6,0.6,0.4,1,0.7,1.5,4.1
24,Paolo Banchero,PF,21,ORL,53,53,35,8.1,17.8,0.453,1.5,4.2,0.359,6.6,13.6,0.482,0.495,5.2,7.4,0.7,1.2,5.7,6.9,5.2,1.1,0.5,3,2,22.8
25,Desmond Bane,SG,25,MEM,37,37,34.5,8.9,18.8,0.474,3.3,8.6,0.384,5.6,10.2,0.551,0.563,3.3,3.8,0.864,0.9,3.6,4.6,5.3,1,0.5,2.7,2.9,24.4
26,Dalano Banton,PG,24,TOT,25,1,7.8,1,2.6,0.369,0.1,0.8,0.143,0.8,1.8,0.477,0.392,0.7,0.8,0.81,0.5,1,1.5,0.9,0.2,0.1,0.5,0.8,2.7
26,Dalano Banton,PG,24,BOS,24,1,7.1,0.8,2.1,0.373,0.1,0.7,0.125,0.7,1.5,0.486,0.392,0.7,0.8,0.8,0.5,1,1.5,0.8,0.2,0.1,0.4,0.8,2.3
26,Dalano Banton,PG,24,POR,1,0,25,5,14,0.357,1,5,0.2,4,9,0.444,0.393,1,1,1,0,3,3,3,0,0,2,0,12
27,Dominick Barlow,PF,20,SAS,23,1,13.3,1.7,3.7,0.476,0.1,0.3,0.429,1.6,3.3,0.481,0.494,1,1.5,0.647,1.4,2.2,3.7,1.1,0.4,0.5,0.2,1.4,4.6
28,Harrison Barnes,PF,31,SAC,52,52,29.7,4.2,8.8,0.479,1.9,4.8,0.397,2.3,3.9,0.581,0.589,1.8,2.2,0.819,0.8,2.1,2.9,1.2,0.7,0.2,0.7,1.2,12.1
29,Scottie Barnes,SG,22,TOR,53,53,35.2,7.5,15.7,0.476,1.8,5.1,0.358,5.6,10.6,0.533,0.534,3.4,4.3,0.777,2.3,5.8,8.1,5.9,1.2,1.5,2.6,2,20.1
30,RJ Barrett,SG,23,TOT,43,43,31.3,7,14.8,0.472,1.6,4.6,0.347,5.4,10.2,0.527,0.525,3.7,4.9,0.758,0.9,4.4,5.3,2.9,0.5,0.4,1.8,2.1,19.3
30,RJ Barrett,SG,23,NYK,26,26,29.5,6.3,14.9,0.423,1.7,5,0.331,4.7,9.9,0.469,0.478,4,4.8,0.831,0.7,3.5,4.3,2.4,0.5,0.3,1.8,1.7,18.2
30,RJ Barrett,SG,23,TOR,17,17,34.2,8,14.6,0.548,1.5,3.9,0.379,6.5,10.7,0.61,0.599,3.4,5.1,0.655,1.1,5.8,6.9,3.6,0.6,0.4,1.9,2.8,20.8
31,Charles Bassey,C,23,SAS,19,0,10.8,1.5,2.1,0.725,0,0.1,0,1.5,2.1,0.744,0.725,0.3,0.3,0.833,1.2,2.8,4,1.1,0.4,0.9,0.8,1.6,3.3
32,Emoni Bates,SF,20,CLE,10,0,7.6,0.6,2.5,0.24,0.5,2,0.25,0.1,0.5,0.2,0.34,0.1,0.2,0.5,0.1,0.9,1,0.6,0.1,0.2,0.1,0.5,1.8
33,Keita Bates-Diop,SF,28,TOT,40,8,15,1.6,3.8,0.43,0.5,1.6,0.313,1.1,2.2,0.517,0.497,0.7,0.9,0.722,0.8,1.8,2.5,0.9,0.6,0.5,0.3,0.8,4.4
33,Keita Bates-Diop,SF,28,PHO,39,8,15.3,1.6,3.8,0.427,0.5,1.6,0.313,1.1,2.2,0.512,0.493,0.7,0.9,0.722,0.8,1.8,2.6,0.9,0.6,0.5,0.3,0.8,4.5
33,Keita Bates-Diop,SF,28,BRK,1,0,4,1,1,1,0,0,0,1,1,1,1,0,0,0,0,0,0,0,0,0,0,0,2
34,Nicolas Batum,PF,35,TOT,34,27,24.9,2.1,4,0.519,1.3,2.9,0.454,0.8,1.1,0.684,0.681,0.3,0.4,0.643,1.2,2.6,3.9,2.3,0.7,0.7,0.6,2,5.7
34,Nicolas Batum,PF,35,LAC,3,0,18,1,2.7,0.375,0.7,2.3,0.286,0.3,0.3,1,0.5,0,0,0,0,2.3,2.3,1.7,1,1.3,0.3,1.7,2.7
34,Nicolas Batum,PF,35,PHI,31,27,25.5,2.2,4.1,0.528,1.4,2.9,0.467,0.8,1.2,0.676,0.693,0.3,0.5,0.643,1.4,2.6,4,2.4,0.6,0.7,0.6,2,6
35,Bradley Beal,SG,30,PHO,29,29,33.6,7.3,14.8,0.493,1.7,4.6,0.358,5.7,10.2,0.554,0.549,2.4,3.1,0.775,0.9,3.5,4.4,4.7,0.9,0.3,2.5,2.7,18.7
36,Malik Beasley,SG,27,MIL,51,51,29.5,4.1,8.8,0.469,2.9,6.4,0.446,1.3,2.4,0.529,0.632,0.3,0.5,0.64,0.7,3.3,4,1.4,0.7,0.1,0.7,2.1,11.4
37,MarJon Beauchamp,SF,23,MIL,38,1,14.6,1.8,3.8,0.476,0.7,1.7,0.385,1.1,2.1,0.551,0.563,0.4,0.6,0.667,0.5,1.8,2.3,0.8,0.3,0.2,0.6,1.3,4.7
38,Jules Bernard,SG,24,WAS,6,0,4.7,0.5,2,0.25,0.2,1.3,0.125,0.3,0.7,0.5,0.292,0,0,0,0.3,0.5,0.8,0.8,0.2,0.2,0.3,0.7,1.2
39,D?vis Bert?ns,PF,31,TOT,16,0,6.4,0.8,1.9,0.419,0.8,1.8,0.448,0,0.1,0,0.629,0.9,0.9,0.933,0.1,0.6,0.8,0.6,0.3,0.2,0.1,0.7,3.3
39,D?vis Bert?ns,PF,31,OKC,15,0,6.1,0.7,1.7,0.385,0.7,1.6,0.417,0,0.1,0,0.577,0.9,1,0.933,0.1,0.5,0.7,0.6,0.2,0.2,0.1,0.7,2.9
39,D?vis Bert?ns,PF,31,CHO,1,0,12,3,5,0.6,3,5,0.6,0,0,0,0.9,0,0,0,0,2,2,1,2,0,0,1,9
40,Patrick Beverley,PG,35,TOT,48,5,19.4,2.2,5.1,0.431,0.8,2.3,0.33,1.4,2.8,0.515,0.506,1.1,1.3,0.81,0.6,2.4,3,3.1,0.5,0.4,1,1.8,6.3
40,Patrick Beverley,PG,35,PHI,47,5,19.6,2.2,5.1,0.432,0.7,2.3,0.321,1.5,2.8,0.523,0.504,1.1,1.3,0.81,0.6,2.4,3.1,3.1,0.5,0.4,1,1.8,6.3
40,Patrick Beverley,PG,35,MIL,1,0,12,2,5,0.4,2,3,0.667,0,2,0,0.6,0,0,0,0,1,1,4,0,0,1,1,6
41,Saddiq Bey,SF,24,ATL,52,40,32.6,4.6,10.8,0.422,1.8,5.7,0.32,2.8,5.1,0.536,0.506,2.7,3.2,0.831,2.6,4,6.6,1.4,0.9,0.1,0.8,1.5,13.6
42,Goga Bitadze,C,24,ORL,44,31,18.9,2.5,4.1,0.619,0,0.2,0.2,2.5,3.9,0.643,0.624,1.1,1.6,0.662,2.2,3.5,5.7,1.5,0.6,1.4,0.7,2.1,6.2
43,Onuralp Bitim,SG,24,CHI,1,0,3,0,0,0,0,0,0,0,0,0,0,0,0,0,0,0,0,0,0,0,0,0,0
44,Bismack Biyombo,C,31,MEM,30,27,23.9,2.2,4,0.563,0,0,0,2.2,4,0.563,0.563,0.7,1.5,0.478,1.9,4.5,6.4,1.7,0.3,1.1,1.3,2.7,5.2
45,Anthony Black,PG,20,ORL,48,29,18.3,1.8,3.7,0.494,0.5,1.3,0.381,1.3,2.4,0.558,0.563,0.8,1.3,0.656,0.5,1.7,2.2,1.6,0.5,0.4,0.9,1.9,5
46,Leaky Black,SF,24,CHO,22,3,9.9,0.8,1.8,0.436,0.3,0.7,0.467,0.5,1.1,0.417,0.526,0.4,0.6,0.643,0.4,1.4,1.7,0.8,0.2,0.3,0.2,0.7,2.3
47,Bogdan Bogdanovi?,SG,31,ATL,51,8,29,6,14,0.426,3.1,8.4,0.367,2.9,5.6,0.514,0.536,1.7,1.9,0.908,0.6,2.7,3.3,2.7,1.3,0.3,1.1,2.4,16.8
48,Bojan Bogdanovi?,PF-SF,34,TOT,29,27,32.9,7,15,0.464,3,7.3,0.413,3.9,7.7,0.514,0.566,2.9,3.7,0.778,0.4,2.9,3.3,2.5,0.8,0.1,2.2,2,19.9
48,Bojan Bogdanovi?,PF,34,DET,28,27,32.9,7.1,15.2,0.468,3.1,7.4,0.415,4,7.8,0.518,0.569,2.9,3.7,0.779,0.5,2.9,3.4,2.5,0.8,0.1,2.3,2,20.2
48,Bojan Bogdanovi?,SF,34,NYK,1,0,33,3,10,0.3,2,6,0.333,1,4,0.25,0.4,3,4,0.75,0,3,3,1,1,0,0,2,11
49,Bol Bol,PF,24,PHO,16,0,8.8,1.7,2.5,0.675,0.2,0.6,0.3,1.5,1.9,0.8,0.713,0.3,0.4,0.833,0.7,2,2.7,0.5,0.3,0.6,0.6,0.9,3.9
50,Marques Bolden,C,25,MIL,2,0,1.5,0,0,0,0,0,0,0,0,0,0,0,0,0,0,1,1,0,0,0,0,0.5,0
51,Devin Booker,PG,27,PHO,43,43,36.1,9.8,19.6,0.502,2.3,6,0.381,7.6,13.6,0.556,0.561,6.1,7,0.87,0.7,4,4.7,7.1,0.9,0.4,2.6,3,28
52,Brandon Boston Jr.,SF,22,LAC,14,0,7.5,1.4,3.6,0.4,0.4,1.2,0.353,1,2.4,0.424,0.46,0.6,0.7,0.9,0.5,0.5,1,0.4,0.1,0.1,0.4,1,3.9
53,Chris Boucher,PF,31,TOR,45,0,14,2.1,4.4,0.485,0.6,2,0.33,1.5,2.4,0.609,0.558,1.3,1.8,0.759,1.2,2.9,4.1,0.4,0.3,0.4,0.5,1.4,6.2
54,James Bouknight,SG,23,CHO,14,0,5.8,1.3,2.9,0.439,0.9,2.1,0.433,0.4,0.8,0.455,0.598,0.1,0.1,0.5,0.1,0.6,0.6,0.4,0.1,0.1,0.1,0.2,3.6
55,Jamaree Bouyea,PG,24,POR,6,0,9.5,0.8,3.5,0.238,0,1.3,0,0.8,2.2,0.385,0.238,0,0,0,0.3,1.3,1.7,1.3,0,0,1.3,0.5,1.7
56,Malaki Branham,PG,20,SAS,48,21,20.2,3.2,7.5,0.422,0.9,3,0.295,2.3,4.5,0.509,0.482,0.5,0.6,0.929,0.3,1.6,2,2.2,0.4,0.1,1.1,1.2,7.8
57,Christian Braun,SG,22,DEN,53,0,18.9,2.5,5.7,0.447,0.7,1.8,0.368,1.9,3.9,0.483,0.505,1.2,1.7,0.742,0.8,2.6,3.5,1.4,0.4,0.4,0.7,1.5,7
58,Mikal Bridges,SF,27,BRK,52,52,35.3,7.7,16.9,0.453,2.6,6.9,0.372,5.1,10,0.509,0.528,3.9,4.8,0.826,0.8,4.1,4.9,3.7,0.9,0.4,2.3,1.6,21.8
59,Miles Bridges,SF,25,CHO,41,39,37.1,8.2,17.8,0.464,2.5,6.6,0.373,5.8,11.2,0.517,0.533,2.7,3.2,0.855,0.9,6.2,7.1,3.3,1,0.6,2,1.9,21.7
60,Oshae Brissett,SF,25,BOS,34,0,10.9,1.3,2.8,0.457,0.3,1.1,0.289,0.9,1.6,0.571,0.516,0.9,1.3,0.698,1,1.8,2.9,0.7,0.4,0.1,0.3,1.1,3.7
61,Malcolm Brogdon,PG,31,POR,39,25,28.7,5.6,12.7,0.44,2.1,5.1,0.412,3.5,7.6,0.458,0.522,2.4,3,0.819,0.7,3.1,3.8,5.5,0.7,0.2,1.5,1.5,15.7
62,Armoni Brooks,PG,25,BRK,10,0,10.4,1.5,4.6,0.326,1.1,3.2,0.344,0.4,1.4,0.286,0.446,0.1,0.2,0.5,0.7,1.1,1.8,0.5,0.1,0.1,0.3,0.3,4.2
63,Dillon Brooks,SF,28,HOU,43,43,31.2,5,11.1,0.451,1.9,4.9,0.393,3.1,6.2,0.496,0.538,2,2.3,0.85,0.7,2.7,3.3,1.6,0.9,0.1,1.4,3.6,13.9
64,Bruce Brown,SG-PG,27,TOT,45,38,28.6,4.3,9.2,0.467,0.9,2.8,0.32,3.4,6.4,0.531,0.516,1.8,2.2,0.845,0.9,3.8,4.6,2.7,1,0.3,1.2,2.4,11.3
64,Bruce Brown,SG,27,IND,33,33,29.7,4.5,9.5,0.475,1,3.1,0.327,3.5,6.5,0.545,0.527,2,2.5,0.817,0.8,3.9,4.7,3,1.1,0.2,1.2,2.5,12.1
64,Bruce Brown,PG,27,TOR,12,5,25.6,3.7,8.3,0.444,0.6,2,0.292,3.1,6.3,0.493,0.48,1.3,1.3,1,1.2,3.3,4.5,1.9,0.9,0.6,1.1,2.2,9.2
65,Charlie Brown Jr.,SG,26,NYK,5,0,5.8,0.4,1.8,0.222,0.4,1.2,0.333,0,0.6,0,0.333,0,0,0,0.2,0.2,0.4,0,0,0.4,0.4,1,1.2
66,Greg Brown III,PF,22,DAL,6,0,6.7,0.8,1.8,0.455,0.2,0.5,0.333,0.7,1.3,0.5,0.5,0.7,1.5,0.444,0.5,1,1.5,0.7,0,0.7,0.7,0.8,2.5
67,Jaylen Brown,SF,27,BOS,49,49,33.3,8.6,17.3,0.495,2,5.7,0.345,6.6,11.6,0.569,0.552,3,4.1,0.719,1.1,4.4,5.6,3.7,1.1,0.6,2.4,2.6,22
68,Kendall Brown,SG,20,IND,5,0,4,0.6,1.2,0.5,0,0.2,0,0.6,1,0.6,0.5,0.8,1.2,0.667,0.4,0,0.4,0.4,0,0,0,0.8,2
69,Kobe Brown,PF,24,LAC,31,0,8.8,0.7,2,0.377,0.4,1.3,0.308,0.4,0.7,0.5,0.475,0,0.1,0.5,0.3,1.1,1.4,0.5,0.2,0.1,0.2,1.3,1.9
70,Moses Brown,C,24,POR,9,4,9.1,1,2.3,0.429,0,0,0,1,2.3,0.429,0.429,0,0.4,0,2,3.1,5.1,0.2,0.2,0.3,0.4,1.2,2
71,Troy Brown Jr.,SF,24,TOT,38,3,11.3,1.4,3.2,0.439,0.9,2.3,0.371,0.6,0.9,0.618,0.573,0.6,0.6,0.875,0.4,1.6,1.9,1,0.2,0.1,0.5,0.7,4.3
71,Troy Brown Jr.,SF,24,MIN,37,3,11.1,1.4,3.2,0.441,0.8,2.3,0.369,0.6,0.9,0.618,0.572,0.5,0.6,0.864,0.4,1.6,1.9,0.9,0.2,0.1,0.5,0.7,4.2
71,Troy Brown Jr.,SF,24,DET,1,0,19,2,5,0.4,2,5,0.4,0,0,0,0.6,2,2,1,0,2,2,2,0,0,0,1,8
72,Jalen Brunson,PG,27,NYK,50,50,35.8,9.8,20.3,0.484,2.6,6.5,0.407,7.2,13.8,0.52,0.549,5.2,6.2,0.84,0.6,3.3,3.9,6.5,0.9,0.2,2.3,2,27.5
73,Thomas Bryant,C,26,MIA,25,3,10.4,1.8,3.1,0.571,0,0.2,0,1.8,2.9,0.603,0.571,0.7,0.9,0.818,1,2.1,3.1,0.6,0.2,0.2,0.6,1,4.2
74,Kobe Bufkin,SG,20,ATL,4,0,5.5,0.5,2,0.25,0.5,1.5,0.333,0,0.5,0,0.375,0.3,0.5,0.5,0.5,1,1.5,0.3,0,0,0,0.3,1.8
75,Reggie Bullock,SF,32,HOU,22,0,9.4,0.9,2.1,0.426,0.7,1.6,0.417,0.2,0.5,0.455,0.585,0,0,1,0.1,1.4,1.5,0.5,0.2,0.1,0.2,0.5,2.5
76,Alec Burks,SG,32,TOT,44,0,21,3.8,9.5,0.398,2.3,5.8,0.406,1.5,3.8,0.386,0.52,2.8,3.1,0.906,0.4,2.2,2.5,1.6,0.5,0.3,0.8,1.5,12.8
76,Alec Burks,SG,32,DET,43,0,21,3.7,9.4,0.394,2.3,5.7,0.401,1.4,3.7,0.384,0.516,2.8,3.1,0.903,0.4,2.2,2.6,1.6,0.5,0.3,0.7,1.5,12.6
76,Alec Burks,SG,32,NYK,1,0,22,7,14,0.5,4,7,0.571,3,7,0.429,0.643,4,4,1,0,2,2,1,0,0,3,1,22
77,Jared Butler,SG,23,WAS,17,0,7.5,1.6,2.9,0.56,0.6,1.4,0.417,1.1,1.5,0.692,0.66,0.7,0.9,0.8,0,0.6,0.6,1.8,0.5,0.1,0.6,0.8,4.6
78,Jimmy Butler,PF,34,MIA,37,37,33.9,6.7,13.4,0.5,1,2.3,0.44,5.7,11.1,0.512,0.537,7,8.1,0.869,2,3.4,5.5,4.6,1.3,0.3,1.7,1.1,21.4
79,Jamal Cain,PF,24,MIA,14,1,14.9,2.1,4.7,0.439,0.6,1.8,0.32,1.5,2.9,0.512,0.5,1,1.4,0.737,0.9,1.2,2.1,0.2,0.6,0.3,0.3,1.1,5.7
80,Kentavious Caldwell-Pope,SG,30,DEN,49,49,32.4,3.6,8,0.446,1.5,3.9,0.381,2.1,4.1,0.507,0.538,1.7,1.8,0.92,0.4,1.9,2.3,2.3,1.3,0.5,1,2,10.2
81,Toumani Camara,PF,23,POR,51,31,23.8,2.5,6,0.42,0.7,2.5,0.291,1.8,3.5,0.511,0.48,1,1.4,0.718,1.8,2.9,4.8,1,1,0.5,1.2,2.5,6.8
82,Clint Capela,C,29,ATL,47,47,25.7,4.8,8.4,0.575,0,0,0,4.8,8.4,0.575,0.575,1.8,2.8,0.649,4.8,5.8,10.6,1,0.6,1.5,0.9,2.4,11.5
83,Jevon Carter,PG,28,CHI,50,0,13.6,2,5.3,0.37,1.1,3.4,0.335,0.8,1.9,0.432,0.477,0.1,0.1,0.6,0.1,0.6,0.7,1.2,0.5,0.2,0.5,1,5.1
84,Wendell Carter Jr.,C,24,ORL,27,21,26.1,4,7.7,0.522,1.2,2.9,0.416,2.8,4.8,0.585,0.599,1.9,2.7,0.722,1.9,4.7,6.5,1.6,0.5,0.5,1.1,2.3,11.1
85,Alex Caruso,SG,29,CHI,46,34,27.1,3.4,7.1,0.482,1.7,4.3,0.399,1.7,2.8,0.608,0.602,1.2,1.5,0.775,1,2.8,3.8,2.8,1.3,1.2,1.4,2.5,9.8
86,Colin Castleton,C,23,LAL,5,0,6.4,1.2,1.8,0.667,0,0,0,1.2,1.8,0.667,0.667,0.8,0.8,1,0.8,1,1.8,0.6,0,0,0.2,1.2,3.2
87,Malcolm Cazalon,SG,22,DET,1,0,3,0,0,0,0,0,0,0,0,0,0,0,0,0,0,0,0,0,0,0,0,0,0
88,Julian Champagnie,SF,22,SAS,46,31,16.7,1.9,4.8,0.397,1.3,3.4,0.373,0.6,1.3,0.459,0.532,0.8,1,0.822,0.5,1.9,2.5,1.1,0.6,0.6,0.7,1.1,5.9
89,Max Christie,SG,20,LAL,43,7,17.2,1.8,4.3,0.422,0.7,2.1,0.356,1.1,2.2,0.484,0.508,0.7,0.9,0.784,0.2,2.4,2.6,1,0.4,0.3,0.7,1.2,5
90,Sidy Cissoko,SF,19,SAS,5,0,6.4,0.2,1.2,0.167,0,0.8,0,0.2,0.4,0.5,0.167,0.8,0.8,1,0,1.2,1.2,0,0.6,0,0.2,0.4,1.2
91,Jordan Clarkson,SG,31,UTA,43,19,30,6.2,14.9,0.415,1.6,5.6,0.29,4.6,9.3,0.49,0.47,3.3,3.7,0.875,0.9,2.4,3.4,4.8,0.6,0.1,2.7,1.3,17.3
92,Nic Claxton,C,24,BRK,42,42,29.6,5.4,8.7,0.625,0,0.1,0.25,5.4,8.6,0.629,0.626,1.5,2.6,0.573,3,7.3,10.3,1.9,0.7,2.3,1.2,2.5,12.4
93,Noah Clowney,PF,19,BRK,6,0,10.2,1.8,3,0.611,0.2,0.7,0.25,1.7,2.3,0.714,0.639,1,1,1,1,1,2,0.7,0,0.2,0.5,0.8,4.8
94,Amir Coffey,SF,26,LAC,39,7,17.6,2.1,3.8,0.553,0.8,1.9,0.44,1.3,1.9,0.667,0.663,0.9,1.1,0.878,0.3,1.3,1.6,0.7,0.5,0.2,0.4,1.2,6
95,John Collins,PF,26,UTA,49,47,27.8,5.7,10.9,0.522,1.2,3.5,0.343,4.5,7.4,0.608,0.578,1.8,2.3,0.781,2.2,5.9,8.1,1,0.6,0.8,1.3,2.8,14.4
96,Zach Collins,C,26,SAS,41,24,24.4,4.5,9.4,0.479,0.9,3.2,0.277,3.6,6.2,0.583,0.526,1.9,2.4,0.778,1.8,3.7,5.4,3.1,0.5,0.7,2.1,3.3,11.7
97,Mike Conley,PG,36,MIN,47,47,29.2,3.6,8.1,0.446,2.4,5.3,0.448,1.3,2.8,0.444,0.592,1.1,1.3,0.915,0.3,2.5,2.8,6.5,1,0.2,1.1,1.7,10.7
98,Pat Connaughton,SF,31,MIL,47,2,21.2,1.9,4.2,0.457,1.1,3,0.386,0.8,1.2,0.632,0.594,0.4,0.6,0.69,0.6,2.5,3.2,1.9,0.5,0.2,0.6,1.3,5.4
99,Bilal Coulibaly,SF,19,WAS,51,4,26.8,3,6.7,0.453,1,2.7,0.371,2,3.9,0.51,0.529,1.4,2,0.706,0.8,3.2,4.1,1.8,0.9,0.8,1.5,2.1,8.5
100,Ricky Council IV,SG,22,PHI,12,0,7.9,1.8,3.5,0.524,0.3,0.7,0.375,1.6,2.8,0.559,0.56,2.3,2.9,0.771,0.8,0.9,1.7,0.2,0.2,0,0.1,0.5,6.2
101,Robert Covington,SF-PF,33,TOT,29,6,16.8,1.5,3.4,0.439,0.7,1.9,0.339,0.8,1.4,0.571,0.536,0.8,0.9,0.846,1.1,2.3,3.3,0.8,1.3,0.6,0.4,1.9,4.4
101,Robert Covington,PF,33,LAC,3,3,23,1,3,0.333,0.7,2.7,0.25,0.3,0.3,1,0.444,0.3,0.7,0.5,0.7,2,2.7,2.3,2,0.7,0,2.3,3
101,Robert Covington,SF,33,PHI,26,3,16.1,1.5,3.4,0.449,0.7,1.8,0.354,0.9,1.6,0.561,0.545,0.8,0.9,0.875,1.1,2.3,3.4,0.7,1.3,0.6,0.4,1.9,4.5
102,Torrey Craig,SF,33,CHI,31,7,20.8,2.1,5,0.417,1.1,2.9,0.367,1,2.1,0.485,0.522,0.6,0.8,0.8,1.7,2.9,4.7,1,0.6,0.4,0.6,2.3,5.9
103,Jae Crowder,PF,33,MIL,22,6,25.1,2.6,6,0.439,1.5,4,0.386,1.1,2,0.545,0.568,0.7,1.1,0.667,0.4,3,3.4,1.7,0.7,0.2,0.4,1.8,7.5
104,Cade Cunningham,PG,22,DET,42,42,34.4,8.4,18.6,0.45,1.8,5.3,0.339,6.6,13.4,0.493,0.497,3.8,4.5,0.861,0.4,3.6,4,7.5,1,0.3,3.6,2.7,22.4
105,Seth Curry,SG,33,TOT,37,3,12.9,1.5,4,0.372,0.8,2.2,0.361,0.7,1.8,0.385,0.473,0.5,0.5,0.895,0.4,1,1.5,0.8,0.5,0.1,0.5,0.9,4.2
105,Seth Curry,SG,33,DAL,36,3,12.7,1.5,4,0.372,0.8,2.2,0.363,0.7,1.8,0.385,0.472,0.5,0.5,0.895,0.4,1,1.4,0.8,0.5,0.1,0.4,0.9,4.3
105,Seth Curry,SG,33,CHO,1,0,20,1,3,0.333,1,3,0.333,0,0,0,0.5,0,0,0,1,1,2,1,2,1,1,0,3
106,Stephen Curry,PG,35,GSW,47,47,33.4,9.1,19.7,0.464,5,11.8,0.421,4.1,7.9,0.528,0.59,4.8,5.2,0.927,0.5,3.9,4.4,4.8,0.8,0.4,3,1.8,28.1
107,Dyson Daniels,PG,20,NOP,52,15,21.9,2.2,4.9,0.438,0.6,2.1,0.291,1.5,2.8,0.548,0.5,0.6,1,0.64,1,2.7,3.7,2.6,1.4,0.4,1,1.6,5.5
108,Anthony Davis,C,30,LAL,50,50,35.8,9.5,17.1,0.554,0.3,1.2,0.279,9.1,15.9,0.576,0.564,5.4,6.7,0.807,3,9,12.1,3.9,1.2,2.4,2.1,2.4,24.7
109,Johnny Davis,SG,21,WAS,23,0,8,1,2.6,0.407,0.1,0.3,0.286,1,2.3,0.423,0.424,0.2,0.3,0.571,0.4,0.5,0.9,0.3,0.3,0.1,0.3,0.6,2.3
110,JD Davison,SG,21,BOS,2,0,3,0,0.5,0,0,0.5,0,0,0,0,0,1,1,1,0.5,0.5,1,0,0,0,0,0,1
111,Dexter Dennis,SG,24,DAL,4,0,7.5,2.5,4.8,0.526,0.3,2,0.125,2.3,2.8,0.818,0.553,0.3,0.8,0.333,0.3,2,2.3,1,0,0.3,0.8,0.3,5.5
112,DeMar DeRozan,SF,34,CHI,51,51,37.6,7.8,16.6,0.468,1,2.8,0.34,6.8,13.8,0.494,0.496,6,7.1,0.853,0.6,3.5,4.1,5.2,1.2,0.6,1.5,2.2,22.5
113,Moussa Diabaté,C,22,LAC,10,0,5.8,0.9,1.8,0.5,0,0,0,0.9,1.8,0.5,0.5,0.9,1.2,0.75,1.4,0.6,2,0.4,0.4,0,0.2,0.4,2.7
114,Mamadi Diakite,PF,27,SAS,3,0,5.3,1.3,1.7,0.8,0,0,0,1.3,1.7,0.8,0.8,1.3,2,0.667,0.3,0.7,1,0.7,0,0.3,0,0.3,4
115,Hamidou Diallo,SG,25,WAS,2,0,2.5,0.5,1,0.5,0,0,0,0.5,1,0.5,0.5,0,0,0,1,0,1,0.5,1,0,0.5,0.5,1
116,Gradey Dick,SG,20,TOR,32,1,14.9,1.7,4.4,0.38,0.9,2.8,0.337,0.8,1.7,0.453,0.486,0.7,0.8,0.92,0.4,1.3,1.7,1.2,0.5,0,0.6,1.4,5
117,Ousmane Dieng,PF,20,OKC,28,0,11.3,1.5,3.5,0.434,0.7,2.2,0.323,0.8,1.3,0.622,0.535,0.4,0.5,0.857,0.3,1.4,1.7,1,0.1,0.1,0.5,0.6,4.2
118,Spencer Dinwiddie,PG,30,BRK,48,48,30.7,4.1,10.4,0.391,1.9,5.8,0.32,2.2,4.6,0.48,0.48,2.6,3.3,0.781,0.5,2.8,3.3,6,0.8,0.2,1.3,1.8,12.6
119,Donte DiVincenzo,SG,27,NYK,53,35,24.7,4.8,10.4,0.459,3,7.2,0.417,1.8,3.2,0.554,0.604,1,1.3,0.729,0.7,2.5,3.2,2.4,1.2,0.3,1.1,1.9,13.5
120,Luka Don?i?,PG,24,DAL,45,45,37.6,11.6,23.7,0.491,4,10.4,0.38,7.7,13.3,0.577,0.574,7.3,9.4,0.776,0.8,8,8.8,9.4,1.4,0.6,3.9,2,34.5
121,Luguentz Dort,SF,24,OKC,51,51,28.4,3.6,8.2,0.437,1.9,4.8,0.389,1.7,3.4,0.506,0.551,1.6,2,0.814,1.1,2.7,3.8,1.3,0.8,0.7,0.9,3,10.7
122,Ayo Dosunmu,SG,24,CHI,51,12,25,3.8,7.6,0.5,1.3,3.2,0.398,2.5,4.4,0.573,0.583,0.9,1.2,0.78,0.6,1.9,2.5,2.2,0.8,0.5,1,2.1,9.7
123,Andre Drummond,C,30,CHI,53,8,16.5,3.3,5.9,0.563,0,0,0,3.3,5.8,0.566,0.563,1.5,2.6,0.55,3.4,5.1,8.5,0.5,1.1,0.6,1.1,1.7,8.1
124,Chris Duarte,SF,26,SAC,36,11,12.9,1.3,3.5,0.362,0.6,1.9,0.319,0.7,1.6,0.414,0.449,0.6,0.7,0.769,0.4,1.4,1.8,0.9,0.5,0.1,0.6,1.7,3.7
125,Kris Dunn,PG,29,UTA,45,27,17.9,2.2,4.6,0.473,0.6,1.5,0.42,1.5,3.1,0.5,0.543,0.3,0.4,0.65,0.7,2.2,2.9,4.3,1,0.5,1.3,1.8,5.3
126,Kevin Durant,PF,35,PHO,46,46,37.1,10.3,19.2,0.535,2.3,5.1,0.445,8,14,0.568,0.595,5.5,6.3,0.872,0.5,6,6.5,5.7,0.9,1.3,3.2,1.8,28.3
127,Jalen Duren,C,20,DET,37,36,30.4,6.3,9.8,0.641,0,0.1,0,6.3,9.7,0.646,0.641,1.8,2.4,0.742,3.4,8.8,12.2,2.5,0.4,0.8,2,3.3,14.3
128,Tari Eason,PF,22,HOU,22,0,21.8,4,8.6,0.466,0.8,2.3,0.36,3.2,6.3,0.504,0.513,1,1.5,0.636,2.1,4.9,7,1.2,1.4,0.9,0.9,2.3,9.8
129,Anthony Edwards,SG,22,MIN,49,49,35.1,8.9,19.2,0.465,2.6,6.6,0.393,6.3,12.6,0.503,0.532,5.4,6.5,0.834,0.6,4.6,5.2,5.2,1.2,0.5,3.4,2,25.9
130,Kessler Edwards,SF,23,SAC,35,0,5,0.6,1.5,0.412,0.3,0.9,0.364,0.3,0.5,0.5,0.529,0.1,0.1,0.75,0.1,0.6,0.8,0.3,0.1,0.1,0,0.4,1.6
131,Keon Ellis,SG,24,SAC,31,3,11.9,1.2,2.8,0.432,0.9,2.3,0.375,0.4,0.5,0.688,0.585,0.4,0.5,0.647,0.3,1,1.3,1.2,0.5,0.4,0.5,1.4,3.7
132,Joel Embiid,C,29,PHI,34,34,34,11.8,22.2,0.533,1.2,3.3,0.366,10.6,18.9,0.562,0.56,10.5,11.9,0.883,2.6,8.7,11.3,5.7,1.1,1.8,3.7,2.9,35.3
133,Drew Eubanks,C,26,PHO,47,3,16.2,2.3,3.6,0.635,0.1,0.1,1,2.2,3.6,0.629,0.644,1.1,1.4,0.735,1.3,3,4.3,1,0.4,0.8,1,1.7,5.7
134,Tosan Evbuomwan,SF,22,MEM,4,0,18.5,1,3.8,0.267,0.5,2,0.25,0.5,1.8,0.286,0.333,0,0,0,2,1.5,3.5,1.5,0,0.3,0.3,1.3,2.5
135,Dante Exum,PG,28,DAL,32,14,19.7,3.6,6.3,0.571,1,2,0.477,2.7,4.3,0.616,0.648,1,1.4,0.727,0.6,2.2,2.8,2.8,0.6,0.2,0.8,1.6,9.2
136,Bruno Fernando,C,25,ATL,16,0,7.8,1.4,2.6,0.561,0,0.2,0,1.4,2.4,0.605,0.561,1,1.8,0.571,0.6,1.8,2.3,0.4,0.1,0.6,0.5,1.1,3.9
137,Dorian Finney-Smith,PF,30,BRK,43,32,28.7,3.3,8,0.41,2.1,5.4,0.38,1.2,2.6,0.473,0.539,0.3,0.5,0.636,1.7,3.1,4.8,1.5,0.7,0.6,0.8,2.3,9
138,Malachi Flynn,PG,25,TOT,45,0,11.9,1.4,3.6,0.406,0.7,2.1,0.344,0.7,1.5,0.493,0.506,0.6,0.7,0.788,0.3,1.3,1.6,1.8,0.4,0.1,0.8,1,4.2
138,Malachi Flynn,PG,25,TOR,31,0,15.3,1.8,4.4,0.409,0.9,2.6,0.35,0.9,1.8,0.491,0.511,0.5,0.7,0.773,0.4,1.7,2.1,2.4,0.6,0.2,1.1,1.4,5.1
138,Malachi Flynn,PG,25,NYK,14,0,4.3,0.6,1.6,0.391,0.3,0.9,0.308,0.4,0.7,0.5,0.478,0.6,0.8,0.818,0,0.4,0.4,0.4,0.1,0,0.2,0.2,2.2
139,Simone Fontecchio,SF,28,TOT,51,34,23.4,3.3,7.4,0.448,1.8,4.7,0.388,1.5,2.6,0.556,0.573,0.6,0.8,0.805,1.1,2.6,3.6,1.5,0.6,0.4,1,1.6,9.1
139,Simone Fontecchio,SF,28,UTA,50,34,23.2,3.2,7.2,0.45,1.8,4.7,0.391,1.4,2.5,0.56,0.577,0.6,0.8,0.8,1,2.5,3.5,1.5,0.6,0.4,1,1.6,8.9
139,Simone Fontecchio,SF,28,DET,1,0,32,8,19,0.421,3,9,0.333,5,10,0.5,0.5,1,1,1,2,7,9,1,1,0,1,1,20
140,Jordan Ford,PG,25,SAC,6,0,3.7,0.7,1.2,0.571,0.3,0.5,0.667,0.3,0.7,0.5,0.714,0.3,0.3,1,0,0.3,0.3,0.3,0,0,0.2,0,2
141,Trent Forrest,SG,25,ATL,20,0,10.5,0.8,2.4,0.319,0.1,0.4,0.286,0.7,2,0.325,0.34,0.4,0.5,0.8,0.3,1.1,1.3,2.1,0.4,0.1,0.6,0.9,2
142,Evan Fournier,SG,31,NYK,3,0,13,1.3,6.7,0.2,0.7,5,0.133,0.7,1.7,0.4,0.25,0.7,0.7,1,0,1.3,1.3,1,1.3,0,0.3,1.3,4
143,De'Aaron Fox,PG,26,SAC,46,46,35.3,9.5,20.3,0.465,2.9,7.7,0.376,6.5,12.6,0.519,0.536,4.6,6.5,0.707,0.8,3.1,3.9,5.4,1.8,0.4,2.5,2.6,26.4
144,Javon Freeman-Liberty,PG,24,TOR,2,0,2,0.5,1.5,0.333,0,0,0,0.5,1.5,0.333,0.333,0,0,0,0.5,0,0.5,0,0,0,0,0,1
145,Alex Fudge,SF,20,LAL,4,0,3.5,0.3,1.5,0.167,0,0.5,0,0.3,1,0.25,0.167,0.5,0.5,1,0.5,0,0.5,0,0,0,0.3,0.3,1
146,Markelle Fultz,PG,25,ORL,20,14,24.3,4.1,8.2,0.494,0.1,0.4,0.143,4,7.9,0.51,0.497,0.5,0.8,0.563,1.3,2.1,3.4,3.7,1.4,0.4,1.2,1.8,8.6
147,Daniel Gafford,C-PF,25,TOT,46,45,26.3,4.6,6.6,0.689,0,0,0,4.6,6.6,0.689,0.689,1.9,2.7,0.712,2.9,5.1,8,1.5,1,2.1,1,3.2,11.1
147,Daniel Gafford,C,25,WAS,45,45,26.5,4.5,6.5,0.69,0,0,0,4.5,6.5,0.69,0.69,1.9,2.6,0.706,2.9,5.1,8,1.5,1,2.2,1,3.3,10.9
147,Daniel Gafford,PF,25,DAL,1,0,17,7,11,0.636,0,0,0,7,11,0.636,0.636,5,6,0.833,4,5,9,0,0,1,0,2,19
148,Danilo Gallinari,PF-SF,35,TOT,32,0,14.8,2.2,4.8,0.451,0.8,2.4,0.355,1.3,2.4,0.545,0.539,2.1,2.5,0.85,0.4,2.4,2.8,1.3,0.3,0.2,0.4,1.1,7.3
148,Danilo Gallinari,PF,35,WAS,26,0,14.8,2.2,5,0.435,0.8,2.5,0.313,1.4,2.6,0.552,0.511,1.8,2.2,0.839,0.5,2.5,2.9,1.2,0.2,0.1,0.5,1,7
148,Danilo Gallinari,SF,35,DET,6,0,15,2,3.7,0.545,1.2,2,0.583,0.8,1.7,0.5,0.705,3.5,4,0.875,0.3,2,2.3,2,0.3,0.3,0.2,1.5,8.7
149,Darius Garland,PG,24,CLE,27,27,31.9,6.7,14.3,0.469,1.6,4.9,0.326,5.1,9.4,0.543,0.525,3.3,3.9,0.857,0.5,1.9,2.4,5.8,1.4,0.1,3.4,1.4,18.3
150,Usman Garuba,PF,21,GSW,2,0,3,0,0.5,0,0,0,0,0,0.5,0,0,0,0,0,0,0,0,0.5,0.5,0,0,0.5,0
151,Luka Garza,C,25,MIN,12,0,3,0.8,1.9,0.435,0.2,0.6,0.286,0.7,1.3,0.5,0.478,0.5,0.8,0.6,0.4,0.4,0.8,0.2,0,0,0.2,0.8,2.3
152,Kaiser Gates,SF,27,NOP,1,0,7,0,4,0,0,2,0,0,2,0,0,0,0,0,0,1,1,0,0,0,0,0,0
153,Keyonte George,PG,20,UTA,47,16,24.3,3.6,9.3,0.386,1.7,5.2,0.333,1.9,4.1,0.453,0.479,2.4,3,0.821,0.3,2.5,2.8,4.2,0.4,0.1,2,1,11.3
154,Paul George,PF,33,LAC,48,48,33.8,7.9,17.3,0.46,3.3,8.3,0.4,4.6,8.9,0.516,0.557,3.3,3.6,0.909,0.6,4.8,5.3,3.6,1.6,0.4,2.1,2.9,22.5
155,Taj Gibson,PF,38,NYK,14,1,10.8,0.5,1.6,0.318,0,0.4,0,0.5,1.1,0.438,0.318,0.1,0.1,1,0.6,1.3,1.9,0.6,0.1,0.4,0.3,1.9,1.1
156,Josh Giddey,SG,21,OKC,52,52,24.9,4.6,10.4,0.445,1,3,0.331,3.7,7.5,0.49,0.492,1.2,1.5,0.831,1.4,4.8,6.1,4.5,0.7,0.5,2,1.3,11.5
157,Harry Giles,C,25,BRK,16,0,5.1,1.4,2.8,0.5,0.2,0.7,0.273,1.2,2.1,0.576,0.534,0.4,0.8,0.538,0.8,0.9,1.6,0.4,0.1,0.2,0.4,0.9,3.4
158,Shai Gilgeous-Alexander,PG,25,OKC,52,52,34.6,10.9,20,0.548,1.2,3.3,0.368,9.7,16.6,0.584,0.578,8,9,0.883,0.9,4.7,5.6,6.6,2.2,0.9,2.2,2.5,31.1
159,Anthony Gill,PF,31,WAS,29,0,5.6,0.8,1.6,0.489,0.1,0.4,0.25,0.7,1.2,0.571,0.521,0.4,0.6,0.75,0.4,0.8,1.3,0.4,0.2,0.2,0.5,0.4,2.1
160,Collin Gillespie,PG,24,DEN,16,0,6.6,0.8,1.7,0.481,0.3,0.9,0.286,0.6,0.8,0.692,0.556,0.3,0.4,0.714,0.1,0.3,0.4,0.6,0.3,0,0.3,0.8,2.2
161,Jacob Gilyard,PG,25,MEM,36,14,17.8,1.7,3.9,0.426,1.4,3.3,0.429,0.3,0.6,0.409,0.606,0.1,0.1,1,0.2,0.9,1.2,3.5,0.7,0.1,0.8,1,4.8
162,Rudy Gobert,C,31,MIN,51,51,33.4,5.2,7.9,0.649,0,0,0,5.2,7.9,0.653,0.649,3.4,5.3,0.639,3.5,9,12.5,1.2,0.6,2,1.5,3,13.7
163,Jordan Goodwin,PG,25,PHO,40,0,14,1.9,4.8,0.389,0.6,2,0.288,1.3,2.8,0.46,0.448,0.6,0.7,0.862,1,1.9,2.9,2,0.6,0.2,0.7,1.1,5
164,Aaron Gordon,PF,28,DEN,47,47,31.8,5.4,9.8,0.545,0.6,1.8,0.302,4.8,8,0.601,0.574,2.3,3.7,0.624,2.5,4,6.5,3.1,0.8,0.7,1.3,1.9,13.6
165,Eric Gordon,SG,35,PHO,45,21,29.8,4.5,9.9,0.459,2.4,6.3,0.387,2.1,3.6,0.588,0.583,0.8,1,0.8,0.3,1.8,2.1,2.2,0.9,0.5,1.3,1.3,12.3
166,Devonte' Graham,PG,28,SAS,10,0,8.8,1.1,2.8,0.393,0.7,2,0.35,0.4,0.8,0.5,0.518,0.6,0.8,0.75,0.2,1.1,1.3,1.9,0.3,0.1,0.3,0.4,3.5
167,Jerami Grant,PF,29,POR,45,45,34,7.4,16.1,0.461,2.1,5.2,0.405,5.3,11,0.487,0.526,5,6.2,0.809,0.7,3.1,3.8,2.7,0.7,0.7,2,2.2,21.9
168,A.J. Green,SG,24,MIL,33,0,8.8,1.4,3.2,0.438,1.2,2.8,0.418,0.2,0.4,0.571,0.619,0.2,0.2,1,0.2,0.8,1,0.6,0,0,0.1,0.9,4.2
169,Danny Green,SG,36,PHI,2,0,9,0,1,0,0,0.5,0,0,0.5,0,0,0,0,0,0,1,1,0.5,0.5,0,0,0.5,0
170,Draymond Green,PF,33,GSW,26,23,26.8,3.4,6.8,0.503,1,2.5,0.4,2.4,4.3,0.563,0.576,1.3,1.6,0.786,1.3,5.2,6.5,6.2,0.7,0.9,2.6,3.1,9.1
171,Jalen Green,SG,21,HOU,52,52,30.8,6.3,15.3,0.415,2.1,6.6,0.316,4.3,8.7,0.49,0.483,3.6,4.5,0.798,0.4,4.4,4.9,3.4,0.7,0.3,2.3,1.3,18.3
172,Jeff Green,PF,37,HOU,50,5,17,2.1,4.2,0.49,0.4,1.5,0.301,1.6,2.7,0.591,0.543,1.8,2.2,0.82,0.6,1.6,2.2,0.8,0.2,0.5,0.8,1.5,6.4
173,Josh Green,SG,23,DAL,40,23,27.5,3.4,7,0.484,1.5,3.6,0.406,1.9,3.4,0.566,0.588,0.8,1.2,0.66,0.6,2.7,3.3,2.6,0.8,0.2,1.1,2,9
174,AJ Griffin,SF,20,ATL,18,0,7.3,0.7,2.5,0.289,0.5,1.8,0.273,0.2,0.7,0.333,0.389,0.1,0.1,1,0.1,0.7,0.8,0.2,0.1,0.1,0.3,0.3,2.1
175,Quentin Grimes,SG,23,NYK,45,18,20.2,2.5,6.4,0.395,1.7,4.7,0.363,0.8,1.6,0.486,0.53,0.5,0.8,0.706,0.3,1.6,2,1.2,0.7,0.1,0.5,1.5,7.3
176,Mouhamed Gueye,PF,21,ATL,2,0,2,0,0.5,0,0,0.5,0,0,0,0,0,0,0,0,0,0,0,0,0.5,0,0,0.5,0
177,Rui Hachimura,PF,25,LAL,40,11,23.9,4.3,8.6,0.5,1.2,3,0.383,3.2,5.6,0.563,0.567,1.6,2.1,0.747,0.8,3,3.7,1.1,0.7,0.3,0.8,1.4,11.3
178,Ashton Hagans,PG,24,POR,2,1,25.5,2,5.5,0.364,0,2,0,2,3.5,0.571,0.364,0.5,1,0.5,0,2,2,3.5,0.5,0.5,1.5,3.5,4.5
179,Tyrese Haliburton,PG,23,IND,41,40,31.9,7.9,15.9,0.496,3.1,7.9,0.396,4.8,8,0.594,0.594,3.1,3.7,0.854,0.6,3.2,3.9,11.7,1,0.7,2.4,1,22.1
180,R.J. Hampton,PG,22,MIA,8,2,9.5,0.5,1.8,0.286,0.1,1,0.125,0.4,0.8,0.5,0.321,0.1,0.3,0.5,0.3,0.5,0.8,1,0,0,0.4,1,1.3
181,Tim Hardaway Jr.,SF,31,DAL,50,10,30,6,14.4,0.419,3.2,8.8,0.368,2.8,5.7,0.498,0.531,2.4,2.8,0.877,0.3,3.3,3.6,1.7,0.5,0,0.9,1.5,17.7
182,James Harden,PG,34,LAC,46,46,34.5,5.1,11.4,0.448,2.8,6.7,0.422,2.3,4.7,0.486,0.572,4.3,4.9,0.875,0.4,4.7,5.1,8.5,1.2,0.9,2.6,2.1,17.3
183,Jaden Hardy,SG,21,DAL,48,6,15.6,3,7.3,0.405,1.4,3.8,0.367,1.6,3.6,0.444,0.499,0.8,1.1,0.717,0.3,1.7,2,1.7,0.4,0.1,0.8,1.2,8.1
184,Ron Harper Jr.,PF,23,TOR,1,0,4,0,0,0,0,0,0,0,0,0,0,0,0,0,0,0,0,1,0,0,0,2,0
185,Gary Harris,SG,29,ORL,32,6,22.4,2.4,5.6,0.428,1.2,3.8,0.322,1.2,1.8,0.644,0.536,0.8,1,0.781,0.5,1.1,1.6,1.8,0.8,0.3,0.5,1.7,6.8
186,Joe Harris,SG,32,DET,16,0,10.6,0.9,2.4,0.359,0.6,1.9,0.333,0.3,0.6,0.444,0.487,0.1,0.1,0.5,0.2,0.6,0.8,0.6,0.2,0.1,0.3,1.2,2.4
187,Kevon Harris,SG,26,ORL,1,0,3,0,0,0,0,0,0,0,0,0,0,0,0,0,0,1,1,0,0,0,1,1,0
188,Tobias Harris,PF,31,PHI,48,48,34,6.8,13.3,0.507,1.2,3.4,0.346,5.6,9.9,0.562,0.551,3.1,3.4,0.896,1.1,5,6,3.4,1,0.5,1.5,1.7,17.7
189,Shaquille Harrison,SG,30,MEM,3,0,2,0.3,0.7,0.5,0,0,0,0.3,0.7,0.5,0.5,0,0,0,0,0.7,0.7,0,0,0.3,0,0,0.7
190,Josh Hart,SF,28,NYK,52,13,29.6,3,7,0.421,0.9,2.9,0.305,2.1,4.1,0.502,0.484,0.9,1.1,0.839,1.3,5.8,7.1,3.2,0.8,0.3,1.3,1.9,7.7
191,Isaiah Hartenstein,C,25,NYK,50,24,25.6,2.9,4.6,0.619,0,0.1,0.333,2.8,4.6,0.623,0.621,1.4,2,0.707,3.4,5.3,8.7,2,1.2,1.1,1.2,2.9,7.1
192,Sam Hauser,SF,26,BOS,52,5,21.5,2.8,6.3,0.441,2.2,5.4,0.41,0.6,0.9,0.63,0.617,0.3,0.3,0.882,0.6,2.7,3.3,1,0.4,0.3,0.5,1.3,8.1
193,Jordan Hawkins,SG,21,NOP,48,10,20.2,3.2,7.9,0.401,2,5.1,0.381,1.2,2.8,0.439,0.525,1.3,1.5,0.847,0.5,2.1,2.7,1.3,0.4,0.1,0.8,1.3,9.6
194,Jaxson Hayes,C,23,LAL,43,3,11,1.5,2.2,0.695,0,0.1,0,1.5,2.1,0.742,0.695,0.6,1,0.61,0.8,1.5,2.2,0.4,0.5,0.4,0.5,1.7,3.7
195,Killian Hayes,PG,22,DET,42,31,24,2.8,6.7,0.413,0.5,1.8,0.297,2.3,5,0.455,0.452,0.8,1.2,0.66,0.3,2.6,2.8,4.9,0.9,0.5,1.2,1.8,6.9
196,Gordon Hayward,SF,33,CHO,25,25,31.9,5.6,11.9,0.468,0.9,2.4,0.361,4.7,9.4,0.496,0.505,2.5,3.2,0.765,1,3.7,4.7,4.6,1.1,0.5,2,1.8,14.5
197,Scoot Henderson,PG,19,POR,41,15,26.7,4.4,11.8,0.373,1.2,4,0.315,3.2,7.9,0.402,0.426,2.7,3.3,0.81,0.9,2.1,3,4.6,0.6,0.2,3,3,12.8
198,Taylor Hendricks,PF,20,UTA,14,0,14.2,1.7,4.5,0.381,0.9,2.6,0.351,0.8,1.9,0.423,0.484,0.4,0.6,0.75,0.9,1.7,2.6,0.5,0.6,0.6,0.8,0.9,4.8
199,Tyler Herro,SG,24,MIA,33,33,33.6,7.9,18,0.437,3.3,8.2,0.404,4.5,9.8,0.464,0.529,1.9,2.2,0.838,0.5,4.8,5.3,4.3,0.9,0.1,2.2,1.5,21
200,Buddy Hield,SF-SG,31,TOT,54,30,26.1,4.6,10.3,0.444,2.7,7,0.384,1.9,3.3,0.574,0.575,0.5,0.6,0.829,0.7,2.6,3.3,2.8,0.9,0.6,1.2,2,12.3
200,Buddy Hield,SF,31,IND,52,28,25.7,4.4,9.9,0.443,2.6,6.9,0.384,1.8,3.1,0.575,0.575,0.5,0.6,0.848,0.7,2.6,3.2,2.7,0.8,0.6,1.2,2,12
200,Buddy Hield,SG,31,PHI,2,2,38,8.5,18.5,0.459,4,10.5,0.381,4.5,8,0.563,0.568,0.5,1,0.5,1,3.5,4.5,6,2,0,2,3,21.5
201,Haywood Highsmith,PF,27,MIA,38,24,20.7,2.1,4.9,0.427,1.1,2.8,0.37,1,2,0.506,0.535,0.5,0.6,0.792,0.8,2,2.8,1.1,0.9,0.5,0.6,2.1,5.7
202,Nate Hinton,SG,24,HOU,10,0,4.3,0.7,1.5,0.467,0.5,0.8,0.625,0.2,0.7,0.286,0.633,0.2,0.2,1,0.2,0.7,0.9,0.4,0.1,0.1,0.2,0.8,2.1
203,D'Moi Hodge,SG,25,LAL,7,0,5.9,0.7,2.1,0.333,0.4,1.7,0.25,0.3,0.4,0.667,0.433,0.1,0.3,0.5,0,0,0,0.7,0.1,0.1,0.1,0.6,2
204,Aaron Holiday,PG,27,HOU,49,1,17.5,2.4,5.4,0.456,1.2,3,0.4,1.3,2.4,0.525,0.567,0.7,0.8,0.921,0.2,1.6,1.8,1.9,0.6,0.1,0.8,1.6,6.8
205,Jrue Holiday,PG,33,BOS,48,48,33.5,5,10.7,0.472,2.1,4.8,0.439,3,5.9,0.498,0.569,1.1,1.4,0.833,1.4,4.5,5.9,4.6,0.8,0.7,1.9,1.6,13.3
206,Justin Holiday,SG,34,DEN,30,8,14,1.4,2.9,0.471,0.8,2,0.41,0.5,0.9,0.615,0.615,0,0.1,0.5,0.2,1,1.2,1,0.6,0.1,0.2,1.3,3.6
207,Richaun Holmes,C,30,DAL,23,2,10.3,1.4,2.6,0.559,0,0,0,1.4,2.6,0.559,0.559,0.5,0.9,0.571,1.4,2,3.4,0.7,0.1,0.4,0.5,1.4,3.4
208,Chet Holmgren,C,21,OKC,53,53,30,6.3,11.8,0.536,1.7,4.3,0.394,4.7,7.6,0.616,0.607,2.4,3.2,0.768,1.5,6,7.5,2.7,0.7,2.6,1.6,2.5,16.8
209,Jalen Hood-Schifino,SG,20,LAL,16,0,5.9,0.5,2.3,0.222,0.1,0.7,0.091,0.4,1.6,0.28,0.236,0.6,1,0.625,0.1,0.6,0.7,0.5,0.2,0.1,0.5,0.7,1.7
210,Al Horford,C,37,BOS,44,21,27,2.9,6.2,0.472,1.6,4.1,0.402,1.3,2.1,0.609,0.605,0.3,0.4,0.833,1.3,5.5,6.7,2.8,0.5,1,0.8,1.5,7.8
211,Talen Horton-Tucker,PG,23,UTA,33,11,20.9,3.9,9.5,0.406,1.2,3.5,0.328,2.7,6,0.452,0.467,1.7,2.2,0.77,0.5,2.1,2.5,4,1,0.3,1.5,1.9,10.6
212,Danuel House Jr.,SF,30,PHI,34,4,15,1.4,3.1,0.448,0.4,1.5,0.3,0.9,1.6,0.582,0.519,1,1.4,0.761,0.5,1.2,1.7,0.8,0.4,0.1,0.6,1.3,4.2
213,Caleb Houstan,SF,21,ORL,38,7,14.9,1.5,4,0.384,1.3,3.7,0.362,0.2,0.3,0.7,0.553,0.4,0.6,0.773,0.6,1.1,1.6,0.6,0.3,0,0.3,1.2,4.8
214,Jett Howard,SF,20,ORL,11,0,3.8,0.6,1.7,0.368,0.4,1.3,0.286,0.3,0.5,0.6,0.474,0.2,0.4,0.5,0.1,0.4,0.5,0.3,0,0.1,0.2,0.1,1.8
215,Kevin Huerter,SG,25,SAC,50,45,25,4.1,9.1,0.449,2,5.6,0.366,2,3.5,0.583,0.562,0.7,0.9,0.791,0.6,3,3.6,2.6,0.7,0.4,0.8,2.2,10.9
216,Jay Huff,C,25,DEN,8,0,2.8,0.5,0.9,0.571,0.3,0.6,0.4,0.3,0.3,1,0.714,0,0,0,0,0.4,0.4,0.1,0.1,0,0.1,0.6,1.3
217,De'Andre Hunter,SF,26,ATL,29,24,28.4,4.9,10.4,0.47,1.9,4.6,0.41,3,5.8,0.518,0.561,2.7,3.1,0.878,0.6,3.2,3.8,1.4,0.8,0.3,1.5,2.8,14.4
218,Matthew Hurt,PF,23,MEM,3,0,18.7,2,6,0.333,0.7,3.3,0.2,1.3,2.7,0.5,0.389,1,1,1,1.3,0.7,2,1,0,0.3,0,0.7,5.7
219,Bones Hyland,PG,23,LAC,19,2,13.2,2.3,6.3,0.367,1.1,3.4,0.313,1.3,2.9,0.429,0.45,0.5,0.6,0.833,0.2,0.7,0.9,1.7,0.5,0.1,1.2,1.4,6.2
220,Joe Ingles,SF,36,ORL,39,0,17.5,1.6,4,0.41,1.1,2.7,0.402,0.5,1.3,0.429,0.548,0.4,0.5,0.85,0.4,2,2.4,3,0.6,0.1,0.9,1.5,4.8
221,Brandon Ingram,SF,26,NOP,49,49,33.3,8.1,16.5,0.491,1.4,3.9,0.358,6.7,12.6,0.532,0.533,4,5,0.801,0.7,4.3,5.1,5.8,0.8,0.6,2.5,2.2,21.6
222,Kyrie Irving,SG,31,DAL,31,31,33.6,9.5,19.6,0.483,2.9,7,0.417,6.5,12.6,0.519,0.557,3.4,3.8,0.889,0.7,4.3,5,5.5,1.3,0.4,1.6,1.9,25.2
223,Jonathan Isaac,PF,26,ORL,35,1,14.8,2.2,4.7,0.476,0.5,1.7,0.295,1.7,2.9,0.583,0.53,1.2,1.6,0.75,1.2,3.1,4.3,0.4,0.7,1.2,0.5,1.2,6.2
224,Jaden Ivey,SG,21,DET,48,32,27.9,5.5,11.9,0.462,1.6,4.3,0.374,3.9,7.6,0.512,0.53,2.9,4,0.72,1.4,2.5,3.9,3.7,0.7,0.6,2.5,2.8,15.5
225,Andre Jackson Jr.,SG,22,MIL,42,8,11.5,1,2,0.53,0.3,0.9,0.368,0.7,1.1,0.667,0.614,0.2,0.3,0.727,0.9,1.3,2.1,1,0.3,0.1,0.5,1.9,2.6
226,GG Jackson II,PF,19,MEM,21,1,18.7,3.5,8,0.435,1.6,4.1,0.379,1.9,3.9,0.494,0.533,1.6,2.3,0.694,1,2.4,3.4,0.9,0.6,0.6,0.8,1,10.1
227,Isaiah Jackson,C,22,IND,41,2,13.2,2.7,4.1,0.661,0,0.1,0,2.7,4,0.673,0.661,1.3,1.8,0.73,1.5,2.6,4.1,0.9,0.6,1.1,0.7,2.7,6.7
228,Jaren Jackson Jr.,C,24,MEM,49,49,31.8,7.7,17.2,0.448,1.8,5.6,0.324,5.9,11.6,0.508,0.501,5.1,6.2,0.825,1.2,4.3,5.5,2.1,1,1.6,2.3,3.6,22.3
229,Reggie Jackson,PG,33,DEN,53,14,23,4.3,9.5,0.457,1.3,3.5,0.373,3,6,0.506,0.526,1,1.3,0.776,0.4,1.7,2.1,3.9,0.6,0.2,1.3,1.9,10.9
230,Trayce Jackson-Davis,PF,23,GSW,38,3,13.1,2.7,3.9,0.68,0,0,0,2.7,3.9,0.68,0.68,1,1.7,0.585,1.6,2.5,4.1,0.9,0.3,0.8,0.7,1.6,6.4
231,LeBron James,PF,39,LAL,48,48,35,9.3,18,0.519,2.1,5.4,0.393,7.2,12.6,0.572,0.577,4.1,5.5,0.737,0.9,6.4,7.3,7.8,1.3,0.6,3.2,1.2,24.8
232,Jaime Jaquez Jr.,SF,22,MIA,47,16,29.4,5,10,0.494,1,2.9,0.331,4,7.1,0.56,0.541,2,2.5,0.819,1.2,2.6,3.8,2.6,1.1,0.2,1.7,2.4,12.9
233,DaQuan Jeffries,SG,26,NYK,10,0,3,0.5,1.2,0.417,0.1,0.5,0.2,0.4,0.7,0.571,0.458,0,0.2,0,0,0.5,0.5,0.2,0,0,0.1,0.2,1.1
234,Trey Jemison,C,24,TOT,7,2,14.3,1.4,3,0.476,0,0,0,1.4,3,0.476,0.476,0.6,0.7,0.8,1.6,1.3,2.9,0.6,0.4,0.9,0.7,2.1,3.4
234,Trey Jemison,C,24,WAS,2,0,0.5,0,0,0,0,0,0,0,0,0,0,0,0,0,0,0.5,0.5,0,0,0,0.5,0,0
234,Trey Jemison,C,24,MEM,5,2,19.8,2,4.2,0.476,0,0,0,2,4.2,0.476,0.476,0.8,1,0.8,2.2,1.6,3.8,0.8,0.6,1.2,0.8,3,4.8
235,Ty Jerome,SG,26,CLE,2,0,7.5,1,2,0.5,0,0.5,0,1,1.5,0.667,0.5,0,0,0,0.5,0,0.5,1.5,0,0,0.5,1,2
236,Isaiah Joe,SG,24,OKC,49,0,18.7,2.9,6.3,0.461,2,4.7,0.428,0.9,1.6,0.557,0.62,0.7,0.8,0.842,0.4,2,2.4,1.1,0.6,0.3,0.6,1.2,8.4
237,Cameron Johnson,PF,27,BRK,40,40,28.5,5.2,11.3,0.458,2.5,6.2,0.401,2.7,5.1,0.527,0.568,1.2,1.6,0.742,1.1,3.6,4.7,2.6,0.8,0.3,1,1.9,13.9
238,Jalen Johnson,SF,22,ATL,39,36,33.9,6.2,11.9,0.525,1.2,3.4,0.366,5,8.5,0.587,0.577,2,2.6,0.748,1.2,7.3,8.5,3.4,1.3,0.8,1.8,2.6,15.7
239,James Johnson,PF,36,IND,5,0,4.8,0.4,1,0.4,0,0.2,0,0.4,0.8,0.5,0.4,0,0,0,0.2,0.6,0.8,1,0.8,0,0.4,0.8,0.8
240,Keldon Johnson,SF,24,SAS,49,26,30.2,6,13.2,0.453,1.8,5.2,0.339,4.2,8.1,0.527,0.519,2.7,3.4,0.78,1.4,4.4,5.8,3,0.8,0.3,1.6,2.3,16.4
241,Keon Johnson,SG,21,BRK,2,0,17.5,2,5.5,0.364,1.5,2.5,0.6,0.5,3,0.167,0.5,2,2,1,1,0.5,1.5,0.5,1.5,0.5,1,1.5,7.5
242,Keyontae Johnson,SF,23,OKC,7,0,8.1,0.6,1.7,0.333,0.1,0.3,0.5,0.4,1.4,0.3,0.375,0,0,0,0.4,0.4,0.9,0.6,0,0,0.6,0.6,1.3
243,Nikola Joki?,C,28,DEN,51,51,33.8,10.2,17.5,0.583,1.1,2.9,0.365,9.2,14.6,0.627,0.613,4.7,5.7,0.819,3,9.1,12.2,9,1.2,0.9,3,2.5,26.2
244,Colby Jones,SG,21,SAC,17,0,7.1,1,2.7,0.37,0.1,0.8,0.077,0.9,1.9,0.485,0.38,0.1,0.3,0.4,0.6,0.9,1.5,0.6,0.2,0.1,0.3,0.9,2.2
245,Damian Jones,C,28,CLE,25,0,6,0.7,1.3,0.531,0.1,0.3,0.286,0.6,1,0.6,0.563,0.4,0.4,0.909,0.4,1,1.3,0.5,0.1,0.4,0.4,0.6,1.8
246,Derrick Jones Jr.,SF,26,DAL,48,47,25.7,3.6,7.4,0.489,1.3,3.7,0.343,2.4,3.7,0.635,0.574,1.4,1.9,0.744,1.1,2.6,3.7,1.1,0.8,0.8,0.9,1.9,9.9
247,Herbert Jones,SF,25,NOP,48,48,28.6,3.9,7.9,0.499,1.4,3.5,0.408,2.5,4.4,0.571,0.59,1.7,2,0.851,1.1,2.4,3.5,2.5,1.1,0.9,1.2,2.8,11
248,Tre Jones,PG,24,SAS,48,19,26.1,3.8,7.7,0.5,0.6,2.3,0.284,3.2,5.4,0.591,0.542,1.5,1.7,0.877,0.7,2.4,3.1,5.8,1,0.1,1.4,1.2,9.8
249,Tyus Jones,PG,27,WAS,52,52,28.7,5.2,10.5,0.498,1.6,3.8,0.421,3.6,6.7,0.542,0.574,0.5,0.7,0.765,0.3,2.5,2.8,6.5,1.1,0.3,0.9,0.8,12.6
250,DeAndre Jordan,C,35,DEN,28,1,11.5,1.7,2.7,0.632,0,0,0,1.7,2.7,0.632,0.632,0.8,1.7,0.447,1.7,3,4.7,0.7,0.2,0.5,0.7,1.7,4.2
251,Cory Joseph,PG,32,GSW,26,0,11.4,0.9,2.5,0.359,0.5,1.6,0.31,0.4,0.8,0.455,0.461,0.2,0.3,0.571,0.2,0.9,1.2,1.6,0.2,0.1,0.5,1,2.4
252,Nikola Jovi?,PF,20,MIA,20,12,16,1.9,4.6,0.402,1,2.3,0.422,0.9,2.4,0.383,0.505,0.6,1,0.55,0.9,3.3,4.1,1.8,0.3,0.4,1,1.9,5.2
253,Johnny Juzang,SG,22,UTA,2,0,3,0,1.5,0,0,1.5,0,0,0,0,0,0,0,0,0,0,0,0.5,0,0,0,0,0
254,Luke Kennard,SG,27,MEM,25,10,24.4,3.5,8,0.437,2.7,6,0.447,0.8,2,0.408,0.606,0.8,1,0.875,0.4,2.6,3,3.1,0.4,0,1,1.1,10.5
255,Walker Kessler,C,22,UTA,45,14,23.2,3.7,5.6,0.661,0.1,0.4,0.25,3.6,5.3,0.689,0.669,0.9,1.6,0.542,2.6,4.9,7.5,0.8,0.5,2.8,1,2.1,8.4
256,Braxton Key,SF,26,DEN,14,0,3.2,0.4,1,0.357,0.1,0.3,0.25,0.3,0.7,0.4,0.393,0.3,0.4,0.8,0.1,0.6,0.7,0.6,0.1,0,0.1,0.3,1.1
257,Corey Kispert,SF,24,WAS,51,1,22.2,4.3,8.8,0.489,2,5.5,0.362,2.3,3.4,0.696,0.601,1.4,1.8,0.778,0.3,2.1,2.4,1.5,0.4,0.2,1,1.5,12
258,Maxi Kleber,C,32,DAL,18,7,21.5,2,4.3,0.468,0.9,2.5,0.356,1.1,1.8,0.625,0.571,0.8,1.2,0.682,0.8,2.7,3.6,1.9,0.4,0.8,0.9,2.2,5.7
259,Kevin Knox,SF,24,DET,31,11,18.1,2.8,6,0.462,1,3,0.33,1.8,3,0.598,0.546,0.6,0.7,0.909,0.6,1.8,2.4,0.7,0.4,0.2,0.7,1.6,7.2
260,John Konchar,SF,27,MEM,42,13,19.5,1.5,3.6,0.414,0.6,2,0.279,0.9,1.6,0.591,0.493,0.3,0.3,0.786,1.2,3.1,4.4,1.8,0.8,0.9,0.6,1.2,3.8
261,Furkan Korkmaz,SG,26,PHI,35,0,8.6,0.9,2.2,0.395,0.4,1.1,0.35,0.5,1,0.444,0.487,0.4,0.6,0.7,0.1,0.7,0.9,0.7,0.4,0.1,0.3,0.5,2.5
262,Luke Kornet,C,28,BOS,37,2,14.8,2.1,3,0.679,0,0,0,2.1,3,0.679,0.679,0.8,0.8,0.903,1.8,2,3.8,0.8,0.4,1,0.4,1.3,4.9
263,Jonathan Kuminga,PF,21,GSW,49,23,25.4,5.9,11.1,0.535,0.8,2.5,0.314,5.2,8.6,0.598,0.57,3,4.1,0.721,1.2,3.4,4.7,1.8,0.7,0.4,1.6,2.2,15.6
264,Kyle Kuzma,PF,28,WAS,51,51,31.7,8.5,18.8,0.456,2.3,6.8,0.332,6.3,11.9,0.526,0.516,2.5,3.1,0.801,1,5.4,6.3,4.2,0.4,0.7,2.6,2.2,21.8
265,Jock Landale,C,28,HOU,29,0,9.3,0.9,2.4,0.377,0.1,0.6,0.111,0.8,1.8,0.471,0.391,0.4,0.6,0.765,1.3,1,2.2,0.6,0.2,0.4,0.4,0.9,2.3
266,Jake LaRavia,PF,22,MEM,11,0,11.1,1.5,3.9,0.372,0.5,2.2,0.208,1,1.7,0.579,0.43,0.3,0.4,0.75,0.6,0.8,1.5,0.5,0.1,0.1,0.4,1.7,3.6
267,Zach LaVine,SG,28,CHI,25,23,34.9,6.8,15,0.452,2.4,6.8,0.349,4.4,8.3,0.536,0.531,3.5,4.1,0.854,0.3,4.8,5.2,3.9,0.8,0.3,2.1,2.3,19.5
268,A.J. Lawson,SG,23,DAL,25,0,9,1.6,3.3,0.47,0.5,1.6,0.325,1,1.7,0.605,0.548,0.5,0.8,0.632,0.4,0.8,1.2,0.5,0.4,0.1,0.4,0.8,4.1
269,Saben Lee,PG,24,PHO,12,0,6.3,0.8,1.8,0.409,0,0.4,0,0.8,1.4,0.529,0.409,1.1,1.4,0.765,0.4,0.6,1,1,0.3,0.3,0.4,0.5,2.6
270,Alex Len,C,30,SAC,20,0,8.5,1.1,1.8,0.629,0,0.2,0,1.1,1.6,0.688,0.629,0.4,0.8,0.467,1.3,1.7,3,1.1,0.3,0.4,0.7,1.2,2.6
271,Kawhi Leonard,SF,32,LAC,47,47,34.4,9,17.1,0.528,2.4,5.2,0.455,6.7,11.9,0.56,0.597,3.8,4.3,0.891,1.1,5.1,6.2,3.8,1.7,0.9,1.6,1.5,24.2
272,Caris LeVert,SG,29,CLE,41,1,27.6,5.4,12.5,0.428,1.8,5.1,0.341,3.6,7.4,0.488,0.498,2.2,3,0.748,0.5,3.1,3.6,4.3,1,0.4,1.5,1.7,14.7
273,Kira Lewis Jr.,PG,22,TOT,16,0,9.1,1,3.3,0.308,0.1,1.3,0.1,0.9,2,0.438,0.327,0.6,0.7,0.909,0.3,0.6,0.9,1.1,0.3,0.1,0.5,0.6,2.8
273,Kira Lewis Jr.,PG,22,NOP,15,0,9.6,1.1,3.5,0.308,0.1,1.3,0.1,0.9,2.1,0.438,0.327,0.7,0.7,0.909,0.3,0.7,0.9,1.2,0.3,0.1,0.5,0.5,2.9
273,Kira Lewis Jr.,PG,22,TOR,1,0,2,0,0,0,0,0,0,0,0,0,0,0,0,0,0,0,0,0,0,0,0,1,0
274,Maxwell Lewis,SF,21,LAL,18,0,3.7,0.2,0.7,0.25,0.1,0.2,0.333,0.1,0.5,0.222,0.292,0,0,0,0.1,0.1,0.2,0.2,0.1,0,0.3,0.2,0.4
275,E.J. Liddell,PF,23,NOP,8,0,2.9,0.1,0.8,0.167,0,0.6,0,0.1,0.1,1,0.167,0.3,0.3,1,0,0.6,0.6,0.1,0.3,0.3,0.3,0.3,0.5
276,Damian Lillard,PG,33,MIL,48,48,35.3,7.4,17.4,0.427,2.9,8.5,0.345,4.5,8.9,0.505,0.511,7.1,7.8,0.922,0.5,3.6,4.2,6.8,1.1,0.2,2.5,1.7,25
277,Nassir Little,SF,23,PHO,30,2,13.3,1.6,3.3,0.475,0.6,1.9,0.304,1,1.4,0.698,0.561,0.6,0.7,0.85,0.5,1.7,2.2,0.6,0.3,0.3,0.4,1.2,4.3
278,Dereck Lively II,C,19,DAL,36,35,26,4.2,5.6,0.739,0,0.1,0,4.2,5.6,0.746,0.739,0.9,1.6,0.544,2.9,5,7.9,1.3,0.6,1.4,1.2,3.1,9.2
279,Isaiah Livers,PF,25,DET,23,6,20.4,1.7,5,0.345,1,3.3,0.286,0.8,1.7,0.462,0.44,0.5,0.8,0.667,0.7,1.4,2.1,1.1,0.6,0.2,0.7,1.9,5
280,Chris Livingston,SF,20,MIL,14,0,4.3,0.5,1,0.5,0.1,0.1,1,0.4,0.9,0.462,0.536,0.1,0.1,1,0.1,0.8,0.9,0.3,0.1,0,0.2,0.5,1.2
281,Kenneth Lofton Jr.,PF,21,TOT,17,0,6.4,0.9,2.5,0.349,0.2,0.7,0.25,0.7,1.8,0.387,0.384,0.5,0.9,0.533,0.1,0.9,1.1,0.8,0.2,0.2,0.5,0.9,2.4
281,Kenneth Lofton Jr.,PF,21,MEM,15,0,6.6,0.9,2.5,0.378,0.2,0.7,0.3,0.7,1.8,0.407,0.419,0.5,1,0.533,0.1,0.9,1,0.9,0.2,0.2,0.4,1,2.6
281,Kenneth Lofton Jr.,PF,21,PHI,2,0,4.5,0.5,3,0.167,0,1,0,0.5,2,0.25,0.167,0,0,0,0,1.5,1.5,0,0,0,1,0,1
282,Kevon Looney,C,27,GSW,50,36,18.5,2.2,3.5,0.617,0,0,0,2.2,3.5,0.621,0.617,0.8,1.2,0.683,2.3,4.2,6.6,2.2,0.5,0.4,0.8,2.4,5.1
283,Brook Lopez,C,35,MIL,50,50,31.7,5,10.1,0.492,1.8,5.1,0.348,3.2,5.1,0.636,0.579,1.5,1.8,0.831,1.6,3.9,5.5,1.6,0.6,2.7,0.9,2.6,13.2
284,Robin Lopez,C,35,MIL,16,2,4.1,0.4,1.2,0.368,0.1,0.5,0.25,0.3,0.7,0.455,0.421,0.1,0.1,1,0.2,0.1,0.3,0.3,0.1,0.2,0.1,0.4,1.1
285,Kevin Love,PF,35,MIA,42,5,17.6,2.8,6.5,0.431,1.5,4.5,0.335,1.3,2,0.651,0.547,1.8,2.2,0.787,1.1,5.1,6.2,2.3,0.3,0.2,0.8,1.8,8.9
286,Kyle Lowry,PG,37,MIA,37,35,28,2.8,6.5,0.426,1.7,4.4,0.385,1.1,2.2,0.506,0.554,0.9,1.1,0.833,0.7,2.8,3.5,4,1.1,0.4,1.4,2.5,8.2
287,Seth Lundy,SF,23,ATL,9,0,5.8,0.4,1.9,0.235,0.3,1.4,0.231,0.1,0.4,0.25,0.324,0.3,0.4,0.75,0.1,0.7,0.8,0,0,0,0.1,0.7,1.6
288,Trey Lyles,PF,28,SAC,38,0,20.3,2.6,5.6,0.464,1.7,4.1,0.413,0.9,1.5,0.607,0.616,0.8,1.2,0.681,0.9,3.6,4.5,1.2,0.3,0.3,0.6,1.5,7.7
289,Théo Maledon,PG,22,TOT,14,1,14.4,1.4,4.8,0.284,0.4,2.1,0.167,1,2.6,0.378,0.321,0.8,0.9,0.917,0.3,1.4,1.6,2,0.5,0,1.1,1.3,3.9
289,Théo Maledon,PG,22,CHO,13,1,15.4,1.5,5.1,0.288,0.4,2.3,0.167,1.1,2.8,0.389,0.326,0.8,0.9,0.917,0.3,1.5,1.8,2.2,0.5,0,1.2,1.4,4.2
289,Théo Maledon,PG,22,PHO,1,0,1,0,1,0,0,0,0,0,1,0,0,0,0,0,0,0,0,0,0,0,0,0,0
290,Sandro Mamukelashvili,C,24,SAS,28,0,6.6,0.9,2.2,0.419,0.3,1.2,0.242,0.6,1,0.621,0.484,0.4,0.6,0.75,0.6,1.2,1.8,1,0.1,0.3,0.3,0.7,2.6
291,Terance Mann,SG,27,LAC,45,41,24.9,2.9,6.2,0.464,0.9,2.8,0.307,2,3.4,0.595,0.534,0.9,1.1,0.78,1.2,2,3.1,1.7,0.6,0.2,0.6,1.9,7.5
292,Tre Mann,PG,22,TOT,14,1,10.4,1.7,3.6,0.471,0.6,1.7,0.375,1.1,1.9,0.556,0.559,0.1,0.1,1,0.4,1.6,2,2.1,0.4,0,0.8,0.3,4.1
292,Tre Mann,PG,22,OKC,13,0,9.2,1.5,3.1,0.5,0.6,1.5,0.421,0.9,1.6,0.571,0.6,0.1,0.1,1,0.3,1.5,1.8,1.5,0.2,0,0.7,0.2,3.8
292,Tre Mann,PG,22,CHO,1,1,27,4,11,0.364,1,5,0.2,3,6,0.5,0.409,0,0,0,1,3,4,9,2,0,2,1,9
293,Boban Marjanovi?,C,35,HOU,9,0,5.3,1.1,2.3,0.476,0,0.2,0,1.1,2.1,0.526,0.476,0.3,0.7,0.5,0.7,1.8,2.4,0.4,0,0.1,0.2,0.4,2.6
294,Lauri Markkanen,PF,26,UTA,43,43,32.7,8,16,0.501,3.3,8,0.406,4.8,8,0.598,0.603,4.4,5,0.884,2.3,6.2,8.5,1.9,0.9,0.5,1.3,2,23.7
295,Naji Marshall,SF,26,NOP,42,1,18.5,2.6,5.7,0.45,0.8,2.2,0.376,1.7,3.5,0.497,0.523,1.5,1.8,0.792,1,2.5,3.5,2,0.7,0.2,1.1,1.5,7.4
296,Caleb Martin,SF,28,MIA,36,15,26.6,4,8.7,0.455,1.2,3.2,0.368,2.8,5.6,0.505,0.522,1.2,1.6,0.754,1.3,3.4,4.7,2.1,0.8,0.3,1.1,2.1,10.3
297,Cody Martin,SF,28,CHO,20,14,26,2.9,7.8,0.374,1.1,3.1,0.339,1.9,4.7,0.398,0.442,0.8,1.4,0.536,0.7,2.9,3.6,3.5,1.1,0.6,1.6,1.8,7.6
298,KJ Martin,SF,23,TOT,38,0,10.3,1.3,2.5,0.521,0.1,0.5,0.222,1.2,2.1,0.59,0.542,0.4,0.7,0.5,0.3,1.1,1.3,0.6,0.4,0.1,0.4,1.4,3.1
298,KJ Martin,SF,23,LAC,2,0,15.5,2,5,0.4,0.5,2.5,0.2,1.5,2.5,0.6,0.45,0.5,1,0.5,0.5,1,1.5,0.5,1,0.5,1,1.5,5
298,KJ Martin,SF,23,PHI,36,0,10,1.3,2.4,0.535,0.1,0.4,0.231,1.2,2,0.589,0.552,0.4,0.7,0.5,0.3,1.1,1.3,0.6,0.4,0.1,0.4,1.4,3
299,Garrison Mathews,SG,27,ATL,37,4,12.7,1.2,2.6,0.469,1.1,2.4,0.455,0.1,0.2,0.625,0.677,0.3,0.4,0.667,0.2,1,1.2,0.5,0.2,0.1,0.4,1.7,3.8
300,Bennedict Mathurin,SF,21,IND,51,15,25.7,5,11.1,0.453,1.3,3.4,0.368,3.8,7.7,0.491,0.51,3.1,3.7,0.825,1,2.9,3.9,1.9,0.5,0.2,1.7,1.9,14.4
301,Wesley Matthews,SG,37,ATL,21,1,11,0.6,2.2,0.283,0.4,1.7,0.25,0.2,0.5,0.4,0.38,0.7,0.9,0.737,0.2,1.1,1.3,0.6,0.5,0.2,0.3,1.3,2.3
302,Tyrese Maxey,PG,23,PHI,47,47,37.1,8.9,19.8,0.448,3.1,8.1,0.38,5.8,11.7,0.495,0.526,4.9,5.7,0.857,0.5,3.1,3.6,6.4,1,0.5,1.6,2.1,25.7
303,Skylar Mays,PG-SG,26,TOT,28,5,14.6,2.1,5.5,0.39,0.6,1.9,0.296,1.6,3.6,0.44,0.442,0.5,0.6,0.765,0.4,1.1,1.5,3,0.6,0.1,0.7,0.9,5.3
303,Skylar Mays,PG,26,POR,21,5,17,2.5,6.6,0.384,0.7,2.3,0.286,1.9,4.2,0.438,0.435,0.6,0.8,0.765,0.4,1.3,1.8,3.6,0.7,0.1,0.9,1,6.3
303,Skylar Mays,SG,26,LAL,7,0,7.7,1,2.3,0.438,0.3,0.7,0.4,0.7,1.6,0.455,0.5,0,0,0,0.1,0.4,0.6,1.1,0.4,0.1,0.1,0.6,2.3
304,Miles McBride,PG,23,NYK,40,3,12.2,2.2,4.9,0.441,1.2,2.8,0.411,1,2.1,0.482,0.559,0.5,0.6,0.818,0.3,0.7,1,1,0.6,0.1,0.4,1.2,5.9
305,CJ McCollum,PG,32,NOP,39,39,32,6.9,14.8,0.464,3.4,8,0.425,3.5,6.8,0.511,0.58,1.9,2.4,0.787,0.6,3.7,4.3,4.7,1.1,0.8,1.6,2.2,19.1
306,T.J. McConnell,PG,31,IND,43,4,17.4,3.7,6.8,0.539,0.1,0.4,0.158,3.6,6.4,0.566,0.544,0.8,1.1,0.766,0.5,2.1,2.6,5.6,1,0.1,1.5,1.1,8.3
307,Jaden McDaniels,SF,23,MIN,42,41,28.9,4.4,8.7,0.511,1.3,3.4,0.371,3.2,5.3,0.602,0.584,0.6,0.8,0.771,0.8,1.9,2.7,1.4,0.9,0.5,1.3,3.1,10.8
308,Jalen McDaniels,SF,26,TOR,32,0,9,1.1,3.3,0.337,0.3,1.6,0.212,0.8,1.6,0.462,0.389,0.4,0.6,0.7,0.3,1,1.3,0.5,0.3,0.1,0.6,0.9,3
309,Doug McDermott,SF,32,TOT,47,0,15,2,4.6,0.44,1.6,3.7,0.437,0.4,0.9,0.452,0.616,0.2,0.4,0.588,0.2,0.9,1,1.2,0.2,0,0.5,1,5.9
309,Doug McDermott,SF,32,SAS,46,0,15.2,2.1,4.7,0.442,1.7,3.8,0.439,0.4,0.9,0.452,0.619,0.2,0.4,0.588,0.2,0.9,1,1.2,0.2,0,0.5,1,6
309,Doug McDermott,SF,32,IND,1,0,7,0,1,0,0,1,0,0,0,0,0,0,0,0,0,0,0,0,0,0,0,1,0
310,JaVale McGee,C,36,SAC,39,0,7.9,1.9,3,0.629,0,0.1,0,1.9,2.9,0.652,0.629,0.6,1.1,0.581,0.9,1.9,2.9,0.4,0.2,0.5,0.8,1.1,4.4
311,Bryce McGowens,SG,21,CHO,42,13,16.7,2,4.3,0.459,0.7,2,0.357,1.3,2.3,0.546,0.541,1,1.4,0.754,0.4,1.5,1.9,1,0.4,0.1,0.6,1.5,5.7
312,Jordan McLaughlin,PG,27,MIN,30,0,9.3,1,2.5,0.405,0.6,1.4,0.405,0.4,1.1,0.406,0.52,0.1,0.3,0.5,0.3,0.8,1.1,1.8,0.7,0.2,0.4,0.5,2.7
313,De'Anthony Melton,SG,25,PHI,33,33,29.1,3.9,9.9,0.393,2.1,5.8,0.363,1.8,4.1,0.437,0.5,1.9,2.3,0.827,0.8,3.2,4,3.2,1.6,0.5,1.2,2.4,11.8
314,Nathan Mensah,C,25,CHO,25,0,12.3,0.5,1.1,0.429,0,0,0,0.5,1.1,0.429,0.429,0.4,0.5,0.75,1.2,1.4,2.6,0.4,0.2,0.6,0.6,2.6,1.3
315,Sam Merrill,SG,27,CLE,36,0,15.8,2.8,6.3,0.441,2.4,5.4,0.444,0.4,0.9,0.419,0.632,0.3,0.3,0.909,0.4,1.4,1.8,1.5,0.4,0,0.3,1.2,8.3
316,Chimezie Metu,C,26,PHO,37,5,12.1,1.8,3.5,0.508,0.4,1.4,0.294,1.4,2.1,0.646,0.565,1,1.2,0.884,0.6,2.3,3,0.5,0.5,0.2,0.7,1.1,5
317,Vasilije Mici?,PG,30,TOT,31,0,12.5,1.5,3.4,0.433,0.4,1.5,0.271,1,1.8,0.571,0.495,0.5,0.6,0.737,0,0.8,0.8,2.7,0.3,0.1,1,0.7,3.8
317,Vasilije Mici?,PG,30,OKC,30,0,12,1.2,3,0.407,0.4,1.5,0.244,0.9,1.5,0.565,0.467,0.5,0.6,0.737,0,0.8,0.8,2.5,0.3,0.1,1,0.7,3.3
317,Vasilije Mici?,PG,30,CHO,1,0,26,8,13,0.615,2,3,0.667,6,10,0.6,0.692,0,0,0,0,1,1,9,0,0,3,1,18
318,Khris Middleton,SF,32,MIL,43,43,26.3,5.6,11.6,0.487,1.7,4.5,0.378,3.9,7.1,0.556,0.56,1.8,2.2,0.832,0.6,3.7,4.3,5,0.9,0.3,2.1,2.4,14.8
319,Brandon Miller,SF,21,CHO,46,40,31.4,6.2,14,0.444,2.3,6,0.384,3.9,8,0.489,0.526,1.8,2.2,0.824,0.8,3.2,4,2.3,0.8,0.5,1.7,2.6,16.5
320,Jordan Miller,SF,24,LAC,4,0,4,0.8,1.3,0.6,0.3,0.3,1,0.5,1,0.5,0.7,0,0,0,0.5,0.3,0.8,0,0,0,0.3,0.5,1.8
321,Leonard Miller,SF,20,MIN,6,0,3.5,1.2,1.7,0.7,0.2,0.5,0.333,1,1.2,0.857,0.75,0,0,0,0.2,1.5,1.7,0.2,0.2,0.2,0.2,0.5,2.5
322,Dariq Whitehead,SF,19,BRK,2,0,12,0.5,2.5,0.2,0,1.5,0,0.5,1,0.5,0.2,0.5,1,0.5,0,2,2,1.5,0,0.5,0,0,1.5
323,Patty Mills,PG,35,ATL,19,0,10.6,1,2.7,0.373,0.7,1.8,0.382,0.3,0.9,0.353,0.5,0,0,0,0.3,0.8,1.1,0.7,0.5,0.1,0.4,0.9,2.7
324,Shake Milton,SG,27,TOT,39,0,12.9,1.7,4.2,0.4,0.4,1.4,0.259,1.3,2.8,0.468,0.442,0.9,1.1,0.818,0.2,1.2,1.4,1.3,0.4,0.1,0.7,1.2,4.7
324,Shake Milton,SG,27,MIN,38,0,12.9,1.7,4.2,0.4,0.4,1.4,0.264,1.3,2.8,0.467,0.444,0.9,1.2,0.818,0.2,1.2,1.3,1.3,0.4,0.1,0.7,1.2,4.7
324,Shake Milton,SG,27,DET,1,0,12,2,5,0.4,0,1,0,2,4,0.5,0.4,0,0,0,1,2,3,0,1,0,0,1,4
325,Justin Minaya,SF,24,POR,16,0,8.8,0.4,1.4,0.273,0.2,0.9,0.214,0.2,0.5,0.375,0.341,0.2,0.4,0.5,0.5,0.6,1.1,0.4,0.3,0.3,0.3,0.6,1.1
326,Josh Minott,SF,21,MIN,16,0,3.1,0.6,1.3,0.476,0.1,0.4,0.167,0.6,0.9,0.6,0.5,0.6,0.8,0.833,0.1,0.1,0.3,0.2,0.1,0.2,0.1,0.4,1.9
327,Davion Mitchell,PG,25,SAC,42,3,13.2,1.5,3.7,0.403,0.5,1.8,0.299,0.9,1.8,0.506,0.477,0.4,0.5,0.783,0.2,0.9,1.1,1.8,0.2,0,0.6,1.2,3.9
328,Donovan Mitchell,SG,27,CLE,42,42,35.3,9.9,20.9,0.475,3.3,9.2,0.361,6.6,11.7,0.565,0.555,5,5.8,0.864,1,4.5,5.4,6.3,1.9,0.5,2.8,2.1,28.2
329,Evan Mobley,PF,22,CLE,28,28,31.4,6.7,11.4,0.584,0.3,0.8,0.381,6.4,10.7,0.599,0.597,2.3,3,0.771,2.4,7.9,10.3,2.9,0.8,1.4,2,2.9,15.9
330,Isaiah Mobley,PF,24,CLE,3,0,4.7,0.7,1.3,0.5,0.3,0.7,0.5,0.3,0.7,0.5,0.625,0,0,0,0,0.7,0.7,1.3,0.3,0,0.3,0.7,1.7
331,Malik Monk,SG,25,SAC,51,0,25.6,5.3,11.7,0.451,2.3,6.1,0.385,2.9,5.6,0.521,0.55,2.3,2.8,0.807,0.4,2.4,2.7,5.3,0.6,0.6,2.1,2,15.2
332,Moses Moody,SG,21,GSW,37,4,17.8,3.1,6.4,0.479,1.1,3.1,0.357,2,3.3,0.593,0.565,1.2,1.5,0.789,1.1,1.9,3,0.9,0.7,0.4,0.7,1.3,8.5
333,Xavier Moon,SG,29,LAC,2,0,6,0.5,1,0.5,0,0.5,0,0.5,0.5,1,0.5,0,0,0,0,1,1,1.5,0,0,0.5,0.5,1
334,Taze Moore,SG,25,POR,3,0,3.3,1,1.7,0.6,0,0.7,0,1,1,1,0.6,0,0,0,0,0,0,0.3,0.3,0,0.3,0.7,2
335,Wendell Moore Jr.,SG,22,MIN,14,0,3.1,0.4,0.7,0.5,0,0.3,0,0.4,0.4,0.833,0.5,0,0,0,0,0.4,0.4,0.1,0.4,0.1,0.2,0.3,0.7
336,Ja Morant,PG,24,MEM,9,9,35.3,8.9,18.9,0.471,1.6,5.7,0.275,7.3,13.2,0.555,0.512,5.8,7.1,0.813,0.7,4.9,5.6,8.1,0.8,0.6,3,2.1,25.1
337,Marcus Morris,PF,34,PHI,37,7,17.2,2.4,5.5,0.439,1,2.4,0.4,1.5,3.1,0.47,0.527,0.8,1,0.861,0.5,2.5,2.9,0.7,0.4,0.3,0.5,1.6,6.7
338,Markieff Morris,PF,34,DAL,17,1,9.2,0.9,2.9,0.327,0.6,1.8,0.333,0.4,1.1,0.316,0.429,0.2,0.2,0.75,0.2,1.5,1.8,0.6,0.3,0.1,0.5,0.6,2.6
339,Monte Morris,PG,28,DET,6,0,11.3,2,5.5,0.364,0.3,1.8,0.182,1.7,3.7,0.455,0.394,0.2,0.3,0.5,0.3,1.7,2,1.3,0.2,0.2,0.3,0.2,4.5
340,Trey Murphy III,SF,23,NOP,28,6,25.6,4.4,9.9,0.44,2.5,6.9,0.366,1.8,3,0.614,0.569,1.6,2,0.786,0.5,3.2,3.7,1.6,0.6,0.4,0.5,1.2,12.8
341,Dejounte Murray,SG,27,ATL,50,50,35.1,8.3,17.7,0.466,2.3,6.2,0.372,5.9,11.5,0.517,0.532,2.9,3.4,0.831,0.7,4.4,5.1,5.3,1.3,0.3,2.2,1.7,21.7
342,Jamal Murray,PG,26,DEN,39,39,31.8,7.9,16.7,0.47,2.5,6,0.412,5.4,10.8,0.502,0.544,2.7,3.2,0.849,0.7,3.3,4,6.6,0.8,0.7,2,1.9,20.9
343,Keegan Murray,SF,23,SAC,48,48,32.4,5.8,12.4,0.464,2.3,6.4,0.357,3.5,6.1,0.575,0.555,1.4,1.7,0.802,1.3,4,5.3,1.7,1.1,0.6,0.8,2.6,15.2
344,Kris Murray,SF,23,POR,32,1,13.5,1.4,3.5,0.407,0.6,1.8,0.321,0.9,1.8,0.491,0.487,0.3,0.4,0.667,0.7,1.3,1.9,0.7,0.8,0.2,0.5,0.8,3.7
345,Mike Muscala,C,32,TOT,35,6,14,1.3,3.6,0.373,0.8,2.3,0.338,0.6,1.3,0.435,0.48,0.5,0.6,0.727,0.9,2,2.9,0.9,0.2,0.3,0.5,1.2,3.9
345,Mike Muscala,C,32,WAS,24,2,14.1,1.4,3.8,0.367,0.6,2.1,0.275,0.8,1.6,0.487,0.444,0.6,0.8,0.75,0.9,2.2,3.1,0.9,0.2,0.3,0.7,1.3,4
345,Mike Muscala,C,32,DET,11,4,13.8,1.3,3.3,0.389,1.2,2.6,0.448,0.1,0.6,0.143,0.569,0.1,0.2,0.5,0.7,1.6,2.4,0.7,0.1,0.5,0.2,1.1,3.8
346,Svi Mykhailiuk,SF,26,BOS,22,0,7.6,1,2.9,0.333,0.7,2.4,0.308,0.2,0.5,0.455,0.46,0.1,0.3,0.5,0.2,0.7,0.9,0.5,0.3,0,0.3,0.5,2.8
347,Larry Nance Jr.,C,31,NOP,35,0,18.2,2.1,3.7,0.565,0.5,1.1,0.45,1.6,2.6,0.615,0.634,0.7,0.9,0.75,1.3,3.7,5,1.5,1,0.4,0.7,1.3,5.4
348,Pete Nance,PF,23,CLE,2,0,2,0,1,0,0,0,0,0,1,0,0,0,0,0,0,0,0,0,0,0,0,0,0
349,Andrew Nembhard,PG,24,IND,40,19,22.4,3.7,7.7,0.484,0.8,2.2,0.337,3,5.5,0.543,0.532,0.7,0.9,0.8,0.6,1.2,1.8,4.5,0.8,0.1,1.8,2,8.9
350,Aaron Nesmith,SF,24,IND,49,24,27.2,4.6,8.8,0.521,2.1,4.7,0.461,2.4,4.1,0.589,0.643,1.3,1.8,0.713,1,3,3.9,1.4,1.1,0.7,1,3.4,12.6
351,Georges Niang,PF,30,CLE,51,1,21.8,3.4,7.7,0.434,1.7,4.8,0.358,1.6,2.9,0.561,0.546,0.6,0.7,0.868,0.3,3.3,3.6,1.3,0.2,0.2,0.7,2.4,9.1
352,Daishen Nix,PG,21,MIN,7,0,3.4,0.6,1.6,0.364,0.4,1.1,0.375,0.1,0.4,0.333,0.5,0,0.3,0,0,0.1,0.1,0.1,0.1,0,0,0,1.6
353,Zeke Nnaji,PF,23,DEN,38,0,9.6,1.2,2.6,0.449,0.1,0.5,0.278,1,2.1,0.488,0.474,0.7,1.1,0.651,1.1,1.1,2.1,0.6,0.2,0.5,0.6,1.5,3.2
354,Jaylen Nowell,SG,24,MEM,9,1,17.3,2.4,6.1,0.4,0.4,2.6,0.174,2,3.6,0.563,0.436,0.3,0.3,1,0.3,1.2,1.6,1.8,0.3,0,0.6,1.4,5.7
355,Markquis Nowell,SG,24,TOR,1,0,4,0,1,0,0,0,0,0,1,0,0,2,2,1,2,0,2,2,1,0,0,0,2
356,Frank Ntilikina,PG,25,CHO,5,0,8.6,0.2,1.8,0.111,0.2,1.6,0.125,0,0.2,0,0.167,0.4,0.4,1,0.2,1,1.2,0.8,0,0,0.2,0.8,1
357,Jusuf Nurki?,C,29,PHO,50,50,27.4,4.6,9,0.517,0.4,1.7,0.25,4.2,7.3,0.578,0.54,2.2,3.2,0.689,2.6,7.6,10.2,3.7,1,1,2.1,3.4,11.9
358,Jordan Nwora,SF,25,TOT,26,0,11.3,2.2,4.8,0.452,0.8,2.2,0.351,1.4,2.6,0.537,0.532,0.8,0.9,0.875,0.5,1.4,1.9,1.2,0.4,0.1,0.7,1.2,5.9
358,Jordan Nwora,SF,25,IND,18,0,10.2,2.1,4.6,0.451,0.6,2,0.306,1.4,2.6,0.565,0.518,0.5,0.6,0.818,0.4,1.4,1.8,1,0.3,0.1,0.7,1.1,5.2
358,Jordan Nwora,SF,25,TOR,8,0,14,2.4,5.3,0.452,1.1,2.6,0.429,1.3,2.6,0.476,0.56,1.5,1.6,0.923,0.6,1.5,2.1,1.5,0.5,0.3,0.9,1.4,7.4
359,Royce O'Neale,SF,30,TOT,50,6,24.3,2.5,6.6,0.387,2,5.3,0.367,0.6,1.2,0.475,0.537,0.3,0.4,0.682,0.8,3.7,4.5,2.8,0.7,0.6,1,2.4,7.3
359,Royce O'Neale,SF,30,BRK,49,6,24.5,2.6,6.6,0.388,2,5.4,0.366,0.6,1.2,0.483,0.537,0.3,0.4,0.682,0.8,3.7,4.5,2.8,0.7,0.6,1,2.4,7.4
359,Royce O'Neale,SF,30,PHO,1,0,11,1,3,0.333,1,2,0.5,0,1,0,0.5,0,0,0,2,2,4,1,1,1,1,2,3
360,Chuma Okeke,SF,25,ORL,31,8,12.1,1.2,3.2,0.378,0.7,2.3,0.31,0.5,0.9,0.556,0.49,0.1,0.2,0.4,0.6,1.7,2.3,0.5,0.2,0.2,0.4,0.6,3.2
361,Josh Okogie,SG,25,PHO,47,11,17.6,1.6,3.7,0.426,0.5,1.7,0.288,1.1,2,0.542,0.491,1.4,1.9,0.719,1.3,1.5,2.8,1.1,0.9,0.4,0.5,1.3,5
362,Onyeka Okongwu,C,23,ATL,52,7,25.7,4,6.6,0.609,0.4,1.2,0.344,3.6,5.4,0.67,0.641,1.8,2.2,0.805,2.7,4.2,6.9,1.3,0.4,1.1,0.9,3,10.2
363,Isaac Okoro,SF,23,CLE,42,24,26.3,3.2,6.5,0.494,1,2.5,0.381,2.2,4,0.566,0.568,1.5,2.2,0.677,1.2,2,3.1,1.9,0.9,0.5,0.8,2,8.8
364,Kelly Olynyk,C,32,TOT,51,8,20.4,2.9,5.3,0.556,0.7,1.7,0.43,2.2,3.6,0.615,0.625,1.6,1.9,0.845,1.3,3.8,5.1,4.4,0.8,0.3,1.6,2.6,8.2
364,Kelly Olynyk,C,32,UTA,50,8,20.4,2.9,5.2,0.562,0.7,1.7,0.429,2.2,3.5,0.626,0.632,1.6,1.9,0.842,1.3,3.8,5.1,4.4,0.7,0.2,1.6,2.6,8.1
364,Kelly Olynyk,C,32,TOR,1,0,22,4,10,0.4,1,2,0.5,3,8,0.375,0.45,2,2,1,4,2,6,3,3,1,2,0,11
365,Eugene Omoruyi,SF,26,WAS,23,0,7.3,1.8,3.5,0.506,0.3,1,0.273,1.5,2.6,0.593,0.543,1,1.3,0.759,1,1.3,2.2,0.8,0.7,0,0.6,1.3,4.8
366,Cedi Osman,SF,28,SAS,53,1,18.1,2.7,5.7,0.475,1.2,3.2,0.38,1.5,2.5,0.6,0.583,0.6,0.9,0.68,0.4,2.2,2.6,1.7,0.5,0.2,0.6,1.5,7.3
367,Kelly Oubre Jr.,SF,28,PHI,40,29,28.6,5.2,11.3,0.456,1.5,4.6,0.321,3.7,6.7,0.549,0.521,2.2,2.9,0.735,1.2,3.3,4.5,1.1,1.1,0.6,0.9,2.9,13.9
368,Chris Paul,PG,38,GSW,32,11,27.6,3.3,7.7,0.424,1.3,3.7,0.361,1.9,3.9,0.484,0.512,1.1,1.3,0.833,0.3,3.5,3.8,7.2,1.1,0.1,1.2,1.8,8.9
369,Cameron Payne,PG,29,TOT,49,3,15.5,2.3,5,0.451,1.1,2.9,0.392,1.1,2.1,0.534,0.565,0.8,1,0.83,0.2,1.2,1.3,2.5,0.5,0.1,0.7,1.6,6.5
369,Cameron Payne,PG,29,MIL,47,2,14.9,2.1,4.7,0.455,1.1,2.8,0.397,1,1.9,0.538,0.572,0.8,0.9,0.841,0.1,1.2,1.3,2.3,0.5,0.1,0.7,1.6,6.2
369,Cameron Payne,PG,29,PHI,2,1,28.5,5,12,0.417,2,6,0.333,3,6,0.5,0.5,1,1.5,0.667,1.5,0.5,2,6,1,0.5,1.5,1.5,13
370,Gary Payton II,SG,31,GSW,17,0,16.2,2.4,4.9,0.488,0.6,1.9,0.303,1.8,3,0.608,0.548,0.4,0.5,0.667,1.1,2,3.1,0.9,1.1,0.4,0.6,1.8,5.8
371,Drew Peterson,PF,24,BOS,1,0,3,1,1,1,1,1,1,0,0,0,1.5,0,0,0,0,0,0,1,0,0,0,1,3
372,Filip Petruev,C,23,TOT,3,0,3.3,0.3,0.7,0.5,0,0,0,0.3,0.7,0.5,0.5,0.3,0.7,0.5,0,0.3,0.3,0,0,0,0,0.3,1
372,Filip Petruev,C,23,PHI,1,0,3,0,0,0,0,0,0,0,0,0,0,0,0,0,0,1,1,0,0,0,0,0,0
372,Filip Petruev,C,23,SAC,2,0,3.5,0.5,1,0.5,0,0,0,0.5,1,0.5,0.5,0.5,1,0.5,0,0,0,0,0,0,0,0.5,1.5
373,Julian Phillips,SF,20,CHI,29,0,6.6,0.6,1.5,0.409,0.2,0.8,0.217,0.4,0.7,0.619,0.466,0.2,0.4,0.545,0.2,0.4,0.7,0.3,0,0.2,0.2,1,1.6
374,Jalen Pickett,SG,24,DEN,16,0,6.1,0.8,1.8,0.429,0.4,1.3,0.35,0.3,0.5,0.625,0.554,0.1,0.1,1,0.1,0.6,0.7,0.8,0.2,0,0.4,0.5,2.1
375,Scotty Pippen Jr.,PG,23,MEM,7,3,22.3,3.7,7.4,0.5,1.6,2.6,0.611,2.1,4.9,0.441,0.606,2.1,3,0.714,0.9,2.6,3.4,4.3,1.1,0.4,2.1,2.6,11.1
376,Mason Plumlee,C,33,LAC,21,9,18.1,2.4,3.7,0.662,0,0,0,2.4,3.7,0.662,0.662,1.8,2.7,0.667,1.5,4.4,6,1.1,0.3,0.4,0.6,1.5,6.7
377,Brandin Podziemski,SG,20,GSW,44,13,26.2,3.8,8.3,0.456,1.1,3.2,0.355,2.7,5.1,0.52,0.525,0.8,1.2,0.642,1.5,4.3,5.8,3.7,0.9,0.2,1.2,2,9.5
378,Jakob Poeltl,C,28,TOR,42,42,26.8,4.8,7,0.688,0,0,0,4.8,7,0.688,0.688,1.2,2.2,0.538,2.7,5.8,8.5,2.4,0.7,1.5,1.7,3,10.8
379,Aleksej Pokusevski,PF,22,OKC,10,0,6,0.4,1.6,0.25,0.2,1.1,0.182,0.2,0.5,0.4,0.313,0.2,0.4,0.5,0.2,0.8,1,0.5,0.1,0.1,0.3,0.5,1.2
380,Jordan Poole,SG,24,WAS,50,50,29.2,5.7,14.1,0.404,1.9,6.3,0.3,3.8,7.7,0.49,0.472,2.6,3,0.859,0.4,2,2.3,3.7,1,0.3,2.1,3.2,15.8
381,Craig Porter Jr.,PG,23,CLE,32,5,14.7,2.6,5.2,0.509,0.2,0.7,0.333,2.4,4.5,0.535,0.53,1,1.4,0.696,0.5,2,2.5,2.8,0.5,0.4,1,0.9,6.5
382,Jontay Porter,PF,24,TOR,16,5,13.4,1.6,4.3,0.368,0.8,2.3,0.333,0.8,2,0.406,0.456,0.7,0.8,0.917,1.1,2.2,3.3,1.8,0.8,0.7,0.6,1.6,4.6
383,Michael Porter Jr.,SF,25,DEN,52,52,31.5,6.2,13,0.473,2.7,6.8,0.396,3.4,6.2,0.559,0.578,1,1.2,0.781,1.3,5.7,7,1.4,0.4,0.8,1.1,1.9,16
384,Otto Porter Jr.,SF,30,TOR,15,1,11.6,0.9,2.2,0.424,0.5,1.5,0.348,0.4,0.7,0.6,0.545,0.2,0.2,1,0.4,1.5,1.9,0.5,0.3,0.3,0.1,1.3,2.6
385,Bobby Portis,PF,28,MIL,53,1,23.9,5,10.2,0.494,1.2,3,0.381,3.9,7.2,0.541,0.55,1.3,1.7,0.787,1.6,5.3,6.9,1,0.8,0.4,0.9,2.5,12.5
386,Kristaps Porzi??is,C,28,BOS,39,39,29.9,6.8,12.9,0.529,1.8,5.1,0.36,5,7.8,0.637,0.599,4.9,5.8,0.845,1.6,5.4,7,1.9,0.6,1.9,1.7,2.9,20.4
387,Micah Potter,PF,25,UTA,2,0,3.5,0,0.5,0,0,0.5,0,0,0,0,0,0,0,0,0,2,2,0,0,0,0,0,0
388,Dwight Powell,C,32,DAL,46,8,15.6,1.4,2,0.71,0,0,0.5,1.4,2,0.714,0.715,1.3,1.8,0.728,1.8,2.2,3.9,1.6,0.5,0.4,0.6,2.2,4.2
389,Norman Powell,SG,30,LAC,51,0,25.3,4.7,9.5,0.495,2.1,4.6,0.445,2.7,4.9,0.542,0.603,1.9,2.2,0.85,0.2,2.4,2.6,1,0.5,0.4,0.8,1.8,13.4
390,Jason Preston,PG,24,UTA,1,0,1,0,0,0,0,0,0,0,0,0,0,0,0,0,1,0,1,0,0,0,1,0,0
391,Joshua Primo,SG,21,LAC,1,0,5,1,2,0.5,0,1,0,1,1,1,0.5,0,0,0,0,0,0,0,0,1,3,0,2
392,Taurean Prince,PF,29,LAL,51,47,30.2,3.5,7.9,0.436,2,5.2,0.386,1.5,2.7,0.529,0.562,0.7,1,0.735,0.2,2.7,2.9,1.7,0.9,0.5,0.9,2.2,9.6
393,Payton Pritchard,PG,26,BOS,53,0,20.6,2.8,6.6,0.428,1.7,4.5,0.373,1.2,2.1,0.545,0.555,0.6,0.7,0.811,0.9,2.3,3.2,2.8,0.4,0.1,0.6,1.2,7.8
394,Olivier-Maxence Prosper,PF,21,DAL,28,0,8.9,0.9,2.5,0.348,0.3,1.2,0.242,0.6,1.3,0.444,0.406,0.8,1.2,0.676,0.6,1.5,2.1,0.7,0.1,0.1,0.1,0.6,2.8
395,Trevelin Queen,SG,26,ORL,12,0,12.9,1.2,3,0.389,0.3,1.3,0.188,0.9,1.7,0.55,0.431,0.8,1,0.75,0.3,1.3,1.5,1.5,0.6,0.4,0.6,1.2,3.3
396,Neemias Queta,C,24,BOS,22,0,12.2,2,3.4,0.608,0,0,0,2,3.4,0.608,0.608,0.7,0.9,0.75,1.9,2.5,4.5,0.5,0.4,0.6,0.4,1.9,4.8
397,Immanuel Quickley,SG-PG,24,TOT,48,18,27.1,5.3,12.2,0.435,2.4,5.8,0.413,2.9,6.5,0.455,0.532,2.7,3.2,0.849,0.3,2.8,3.1,3.8,0.6,0.1,1.1,1.6,15.7
397,Immanuel Quickley,SG,24,NYK,30,0,24,5.1,11.2,0.454,2.1,5.4,0.395,2.9,5.8,0.509,0.549,2.7,3.1,0.872,0.2,2.4,2.6,2.5,0.5,0.1,1,1.5,15
397,Immanuel Quickley,PG,24,TOR,18,18,32.2,5.7,13.9,0.41,2.8,6.3,0.439,2.9,7.6,0.387,0.51,2.6,3.2,0.81,0.4,3.5,3.9,5.9,0.7,0.1,1.2,1.8,16.8
398,Lester Quinones,SG,23,GSW,16,0,12.8,1.8,4.3,0.406,1.1,2.7,0.419,0.6,1.6,0.385,0.536,0.5,0.8,0.667,0.8,1.7,2.5,1.1,0.2,0.1,0.7,1.5,5.1
399,Julius Randle,PF,29,NYK,46,46,35.4,8.6,18.2,0.472,1.7,5.3,0.311,6.9,12.9,0.539,0.518,5.1,6.6,0.781,2.2,7,9.2,5,0.5,0.3,3.5,2.7,24
400,Duop Reath,C,27,POR,38,11,17.6,3.3,6.9,0.485,1.4,3.6,0.393,1.9,3.3,0.583,0.586,1,1.3,0.76,1.4,2.5,3.8,1.2,0.5,0.5,0.8,2.5,9.1
401,Austin Reaves,SG,25,LAL,54,29,31,5.4,11.2,0.488,1.7,4.7,0.359,3.7,6.4,0.582,0.564,3.1,3.6,0.858,0.7,3.2,3.9,5.4,0.9,0.2,2.1,1.9,15.7
402,Cam Reddish,SF,24,LAL,35,26,23.3,2.4,5.9,0.405,0.9,2.7,0.337,1.5,3.1,0.464,0.483,1,1.3,0.783,0.5,1.9,2.4,1.3,1.2,0.3,0.9,1.6,6.7
403,Paul Reed,C,24,PHI,52,16,17.1,2.8,5.1,0.542,0.2,0.6,0.323,2.6,4.5,0.571,0.561,0.6,0.8,0.707,2.1,3.1,5.2,1.2,0.7,0.8,0.7,2.3,6.3
404,Naz Reid,C,24,MIN,52,0,22.4,4.7,9.5,0.488,1.9,4.7,0.414,2.7,4.8,0.56,0.59,1.1,1.4,0.76,0.9,3.7,4.6,1.1,0.7,0.8,1.2,1.9,12.3
405,Jared Rhoden,SG,24,DET,6,0,7,1,1.8,0.545,0.2,0.7,0.25,0.8,1.2,0.714,0.591,0.3,0.3,1,0.2,0.7,0.8,0.7,0,0.3,0.5,0.7,2.5
406,Nick Richards,C,26,CHO,43,30,25.8,3.7,5.5,0.678,0,0,0,3.7,5.5,0.678,0.678,2.1,2.9,0.742,2.6,5.3,7.9,0.9,0.3,1.3,1.1,2.7,9.6
407,Josh Richardson,SG,30,MIA,43,6,25.7,3.6,8.1,0.444,1.5,4.4,0.347,2,3.7,0.561,0.539,1.2,1.3,0.944,0.4,2.4,2.8,2.4,0.6,0.3,0.8,1.8,9.9
408,Duncan Robinson,SF,29,MIA,48,17,27.3,4.5,10,0.45,2.7,6.8,0.397,1.8,3.2,0.561,0.584,1.3,1.5,0.887,0.2,2.2,2.4,2.8,0.6,0.2,1.4,2.3,13
409,Jerome Robinson,SG,26,GSW,9,0,3.3,0,1,0,0,0.6,0,0,0.4,0,0,0.4,0.7,0.667,0.1,0.2,0.3,0.2,0,0.1,0,0.1,0.4
410,Mitchell Robinson,C,25,NYK,21,21,29.2,2.8,4.7,0.592,0,0,0,2.8,4.7,0.592,0.592,0.7,1.8,0.368,5.3,5,10.3,0.7,1.5,1.3,1,1.9,6.2
411,Orlando Robinson,C,23,MIA,23,7,10.2,1.3,2.7,0.508,0.3,0.6,0.538,1,2.1,0.5,0.566,0.8,1,0.75,0.8,2,2.8,1.2,0.2,0.3,0.6,1.3,3.8
412,Jeremiah Robinson-Earl,PF,23,NOP,21,1,10,1.4,2.8,0.517,0.4,1,0.364,1,1.7,0.611,0.586,0.5,0.5,0.909,0.7,1.6,2.3,0.5,0.3,0.1,0.4,0.7,3.7
413,David Roddy,PF,22,MEM,48,13,23.2,3.2,8,0.402,1,3.3,0.301,2.3,4.8,0.47,0.462,1,1.4,0.687,1.1,3.1,4.2,1.6,0.5,0.2,1.1,1.4,8.4
414,Ryan Rollins,PG,21,WAS,10,0,6.6,1.3,2.5,0.52,0.2,0.3,0.667,1.1,2.2,0.5,0.56,1.3,1.7,0.765,0.2,0.9,1.1,1.1,0.8,0.3,0.7,0.7,4.1
415,Derrick Rose,PG,35,MEM,20,7,17.4,3.4,7.4,0.453,0.8,2,0.385,2.6,5.5,0.477,0.503,1.1,1.2,0.917,0.4,1.6,1.9,3.4,0.4,0.1,1.3,1,8.6
416,Terry Rozier,SG-PG,29,TOT,40,39,34.1,7.5,16.9,0.44,2.4,7,0.337,5.1,10,0.513,0.51,3.3,3.8,0.863,0.7,3.4,4.1,6.4,1,0.4,1.9,1.8,20.6
416,Terry Rozier,SG,29,CHO,30,30,35.5,8.4,18.3,0.459,2.8,7.7,0.358,5.6,10.6,0.533,0.535,3.6,4.3,0.845,0.6,3.3,3.9,6.6,1.1,0.4,2.2,1.7,23.2
416,Terry Rozier,PG,29,MIA,10,9,29.9,4.6,12.8,0.359,1.1,4.7,0.234,3.5,8.1,0.432,0.402,2.3,2.4,0.958,1,3.5,4.5,5.6,0.8,0.2,1.1,1.9,12.6
417,Rayan Rupert,SG,19,POR,16,0,7.4,0.9,2.7,0.349,0.4,1.1,0.412,0.5,1.6,0.308,0.43,0.3,0.5,0.625,0.4,0.9,1.3,0.7,0.2,0,0.4,0.4,2.6
418,D'Angelo Russell,PG,27,LAL,49,42,31.2,6.4,13.8,0.465,2.7,6.4,0.418,3.7,7.3,0.507,0.563,2,2.5,0.81,0.4,2.3,2.7,6.2,0.8,0.5,1.9,2.1,17.5
419,Matt Ryan,SF,26,NOP,14,1,21.6,2.7,6.1,0.447,2.3,4.9,0.471,0.4,1.2,0.353,0.635,0.9,1,0.929,0.4,1.9,2.2,1,0.4,0.1,1.1,1.7,8.6
420,Domantas Sabonis,C,27,SAC,52,52,35.6,8,12.8,0.623,0.5,1.1,0.441,7.5,11.7,0.64,0.642,3.4,4.9,0.692,3.2,10,13.2,8.3,0.8,0.5,3.3,3.1,19.9
421,Luka amani?,PF,24,UTA,24,0,5.9,0.9,2.5,0.367,0.2,1,0.217,0.7,1.5,0.459,0.408,0.7,0.9,0.81,0.3,1.4,1.7,0.2,0,0.1,0.5,0.6,2.8
422,Jermaine Samuels,SF,25,HOU,11,0,4.8,0.7,1,0.727,0,0.2,0,0.7,0.8,0.889,0.727,0.2,0.2,1,0.2,0.8,1,0.2,0.1,0.1,0,0.4,1.6
423,Adama Sanogo,PF,21,CHI,3,0,3.7,1,1,1,0,0,0,1,1,1,1,0.7,1,0.667,0.7,1.3,2,0,0,0,0.3,0,2.7
424,Gui Santos,PF,21,GSW,11,0,9.7,1.3,2.7,0.467,0.3,1,0.273,1,1.7,0.579,0.517,1.3,1.4,0.933,1,1.7,2.7,0.6,0.2,0.2,0.3,1.3,4.1
425,Dario ari?,C,29,GSW,48,9,19.8,3.4,7.1,0.481,1.5,3.6,0.413,1.9,3.5,0.55,0.585,1.5,1.8,0.86,1.3,3.9,5.2,2.5,0.6,0.2,1.3,2.1,9.9
426,Olivier Sarr,C,24,OKC,12,0,7.4,0.8,1.5,0.556,0.2,0.5,0.333,0.7,1,0.667,0.611,0.8,1.1,0.692,0.8,2,2.8,0.2,0,0.5,0.3,1.4,2.6
427,Marcus Sasser,PG,23,DET,47,0,16.2,3,6.1,0.484,1.2,2.8,0.431,1.8,3.3,0.529,0.582,0.7,0.8,0.868,0.1,1.4,1.5,2.9,0.5,0.2,0.9,1.4,7.8
428,Admiral Schofield,PF,26,ORL,12,0,3.8,0.4,1.3,0.333,0.2,0.8,0.222,0.3,0.5,0.5,0.4,0,0.2,0,0.1,0.5,0.6,0.3,0,0,0.3,0.6,1
429,Dennis Schröder,PG,30,TOT,52,33,30.5,4.9,11,0.442,1.5,4.3,0.356,3.3,6.7,0.499,0.512,2.4,2.9,0.852,0.4,2.3,2.8,6.3,0.9,0.2,1.6,2.1,13.7
429,Dennis Schröder,PG,30,TOR,51,33,30.6,4.8,11,0.442,1.5,4.3,0.35,3.3,6.6,0.501,0.511,2.5,2.9,0.852,0.4,2.3,2.7,6.1,0.9,0.2,1.6,2.1,13.7
429,Dennis Schröder,PG,30,BRK,1,0,27,6,13,0.462,3,5,0.6,3,8,0.375,0.577,0,0,0,0,3,3,12,0,0,2,4,15
430,Dereon Seabron,SG,23,NOP,5,0,10.4,0.8,2.6,0.308,0.2,0.4,0.5,0.6,2.2,0.273,0.346,1,1.2,0.833,0.2,1.2,1.4,0.8,0.4,0.2,0,0.8,2.8
431,Alperen ?engün,C,21,HOU,51,51,32.4,8.5,15.7,0.541,0.5,1.9,0.289,7.9,13.8,0.575,0.558,3.8,5.3,0.717,2.8,6.5,9.3,5,1.1,0.7,2.6,3.3,21.3
432,Brice Sensabaugh,SF,20,UTA,4,0,3,0.5,1.5,0.333,0.3,0.5,0.5,0.3,1,0.25,0.417,0,0,0,0.3,0.5,0.8,0.5,0,0,0,0.3,1.3
433,Collin Sexton,SG,25,UTA,53,30,24.4,5.9,12.3,0.482,1.5,4,0.387,4.4,8.3,0.527,0.544,4.1,4.7,0.871,0.9,1.7,2.5,4.5,0.7,0.2,1.9,2,17.5
434,Landry Shamet,SG,26,WAS,35,0,15.1,2.7,6.1,0.449,1.2,3.4,0.364,1.5,2.7,0.552,0.549,0.9,1.1,0.795,0.3,1,1.3,1.3,0.5,0.2,0.6,1.8,7.6
435,Day'Ron Sharpe,C,22,BRK,37,1,16,3,5.2,0.575,0,0.2,0.143,3,5,0.591,0.578,1.5,2.4,0.614,2.8,4.2,7,1.4,0.5,0.9,1,2.3,7.5
436,Shaedon Sharpe,SG,20,POR,32,25,33.1,5.5,13.6,0.406,1.9,5.6,0.333,3.6,7.9,0.457,0.475,3.1,3.7,0.824,1.3,3.7,5,2.9,0.9,0.4,2.3,2.8,15.9
437,Ben Sheppard,SG,22,IND,31,0,10.7,1.1,3,0.366,0.5,2,0.274,0.5,1,0.548,0.457,0.4,0.5,0.8,0.2,1,1.3,0.8,0.5,0,0.2,1.3,3.1
438,Pascal Siakam,PF,29,TOT,52,52,34.3,8.5,15.9,0.535,1.2,3.6,0.341,7.3,12.3,0.591,0.573,3.8,5.3,0.733,1.6,4.9,6.5,4.8,0.8,0.3,2.1,2.4,22
438,Pascal Siakam,PF,29,TOR,39,39,34.7,8.3,16,0.522,1.2,3.7,0.317,7.2,12.3,0.584,0.559,4.3,5.7,0.758,1.4,4.9,6.3,4.9,0.8,0.3,2.1,2.2,22.2
438,Pascal Siakam,PF,29,IND,13,13,32.9,8.9,15.5,0.574,1.3,3.1,0.425,7.6,12.5,0.611,0.616,2.4,3.8,0.62,2.2,4.8,7,4.7,0.8,0.2,1.9,2.8,21.5
439,Ben Simmons,PG,27,BRK,11,9,25.8,3.4,5.4,0.627,0,0,0,3.4,5.4,0.627,0.627,0.3,0.7,0.375,2.4,6.3,8.6,6.4,0.8,0.7,2.2,2.5,7
440,Anfernee Simons,SG,24,POR,29,29,33.6,8.1,18.3,0.442,3.4,8.8,0.388,4.7,9.6,0.491,0.535,3.8,4.2,0.909,0.5,3,3.5,5.3,0.5,0.1,2.5,2,23.4
441,Jericho Sims,C,25,NYK,26,7,9.3,0.8,1,0.741,0,0,0,0.8,1,0.741,0.741,0.2,0.3,0.571,0.8,1.4,2.2,0.3,0.1,0.4,0.3,0.8,1.7
442,Dmytro Skapintsev,C,25,NYK,2,0,1,0,0.5,0,0,0,0,0,0.5,0,0,0,0,0,0,0,0,0,0,0,0,0,0
443,Jalen Slawson,SF,24,SAC,5,0,3.8,0.4,0.6,0.667,0,0.2,0,0.4,0.4,1,0.667,0,0,0,0,0.8,0.8,0.4,0,0.2,0.4,0.6,0.8
444,Javonte Smart,PG,24,PHI,1,0,1,0,0,0,0,0,0,0,0,0,0,0,0,0,0,0,0,0,0,0,0,0,0
445,Marcus Smart,PG,29,MEM,20,20,30.3,5.1,11.9,0.43,2.1,6.7,0.313,3,5.2,0.583,0.519,2.2,2.8,0.768,0.3,2.4,2.7,4.3,2.1,0.3,3.1,2.7,14.5
446,Dennis Smith Jr.,PG,26,BRK,36,1,20.2,3,6.8,0.444,0.5,1.9,0.284,2.5,4.9,0.506,0.484,0.9,1.1,0.78,1.1,2.4,3.5,4,1.3,0.3,1.2,2.4,7.4
447,Dru Smith,SG,26,MIA,9,0,14.6,1.7,3.7,0.455,0.8,1.9,0.412,0.9,1.8,0.5,0.561,0.2,0.2,1,0.7,0.9,1.6,1.6,1,0.3,0.6,1.3,4.3
448,Ish Smith,PG,35,CHO,43,5,17.2,1.5,3.7,0.418,0.1,0.2,0.5,1.4,3.5,0.413,0.43,0.1,0.1,0.75,0.3,1.5,1.8,3.4,0.4,0.1,1.1,1.1,3.2
449,Jabari Smith Jr.,PF,20,HOU,47,47,31.4,4.9,10.6,0.465,1.7,4.5,0.37,3.3,6.1,0.535,0.543,1.7,2.1,0.814,2,6.4,8.3,1.4,0.7,0.8,1.3,2.7,13.2
450,Jalen Smith,C,23,IND,38,13,18.1,4.2,6.7,0.632,1.2,2.4,0.484,3.1,4.3,0.716,0.719,1.2,1.7,0.703,1.6,4,5.6,1,0.3,0.7,0.8,2.3,10.8
451,Nick Smith Jr.,SG,19,CHO,36,0,15.9,2.4,6,0.406,1.4,3.1,0.451,1,2.9,0.356,0.523,0.3,0.4,0.846,0.4,1.1,1.5,1.3,0.2,0.2,0.9,1.3,6.6
452,Terquavion Smith,PG,21,PHI,9,0,6.9,1.8,4.1,0.432,1.3,3.1,0.429,0.4,1,0.444,0.595,0.2,0.3,0.667,0,0.2,0.2,1.1,0.8,0,0.4,0.3,5.1
453,Jeremy Sochan,PF,20,SAS,53,52,29.5,4.4,10.1,0.439,1,2.8,0.338,3.5,7.2,0.479,0.487,1.5,1.9,0.775,1.8,4.3,6.1,3.7,0.7,0.4,1.9,2.3,11.3
454,Jaden Springer,SG,21,PHI,32,1,11.8,1.4,3.7,0.39,0.3,1.2,0.216,1.2,2.5,0.469,0.424,0.9,1.1,0.824,0.8,1,1.8,1.1,0.8,0.3,0.8,1.5,4
455,Lamar Stevens,PF,26,BOS,19,1,6.4,1.1,2.4,0.467,0.2,0.4,0.375,0.9,1.9,0.486,0.5,0.4,0.6,0.727,0.6,1,1.6,0.4,0.3,0.3,0.5,0.7,2.8
456,Isaiah Stewart,PF,22,DET,35,34,30.6,4.1,8.6,0.47,1.4,3.7,0.374,2.7,4.9,0.544,0.551,1.5,2,0.746,1.8,5,6.8,1.7,0.4,0.8,1.5,2.5,11
457,Julian Strawther,SF,21,DEN,34,0,14.1,2.2,5.7,0.383,1.1,3.5,0.317,1.1,2.1,0.493,0.482,0.5,0.7,0.696,0.1,1.4,1.5,1.1,0.5,0.2,0.5,1.4,5.9
458,Max Strus,SF,27,CLE,51,51,32.4,4.5,10.9,0.408,2.4,7.2,0.338,2,3.7,0.545,0.52,1,1.3,0.781,0.8,4.2,5,3.7,0.9,0.5,1.5,2.5,12.3
459,Jalen Suggs,SG,22,ORL,49,49,26.8,4.4,9.8,0.447,2,5.2,0.387,2.3,4.6,0.516,0.55,1.5,2,0.76,0.7,2.6,3.2,2.4,1.4,0.6,1.9,2.8,12.2
460,Cole Swider,SF,24,MIA,9,0,4.9,1,2.3,0.429,0.6,1.7,0.333,0.4,0.7,0.667,0.548,0,0,0,0.1,0.1,0.2,0.3,0.1,0.1,0.3,0.2,2.6
461,Jae'Sean Tate,SF,28,HOU,49,9,17.6,1.8,3.8,0.478,0.4,1.4,0.299,1.4,2.4,0.581,0.533,0.4,0.6,0.714,1,2.3,3.3,1.1,0.7,0.2,0.4,2.4,4.4
462,Jayson Tatum,PF,25,BOS,50,50,35.9,9.2,19.4,0.474,3,8.4,0.362,6.2,11,0.56,0.553,5.6,6.8,0.82,0.9,7.6,8.5,4.7,1,0.6,2.5,2,27
463,Terry Taylor,PF,24,CHI,18,0,7.3,0.8,1.6,0.536,0.1,0.4,0.143,0.8,1.2,0.667,0.554,0.1,0.1,1,0.8,0.7,1.5,0.3,0.2,0.1,0.4,0.7,1.8
464,Garrett Temple,SG,37,TOR,16,0,4.3,0.5,1.3,0.381,0.1,0.6,0.222,0.4,0.8,0.5,0.429,0.3,0.4,0.833,0.3,0.4,0.7,0.4,0.2,0,0.3,0.4,1.4
465,Dalen Terry,SG,21,CHI,33,1,9.8,0.8,2.2,0.375,0.3,1.2,0.22,0.5,0.9,0.581,0.438,0.5,0.7,0.727,0.3,1.3,1.6,1.2,0.3,0.2,0.5,1.3,2.4
466,Daniel Theis,C,31,TOT,39,1,17.1,2.6,4.8,0.534,0.4,1,0.41,2.2,3.8,0.567,0.577,0.8,1.1,0.721,1.5,2.2,3.7,1,0.5,0.9,0.7,2.4,6.4
466,Daniel Theis,C,31,IND,1,0,8,1,4,0.25,0,1,0,1,3,0.333,0.25,0,0,0,0,0,0,0,0,0,0,1,2
466,Daniel Theis,C,31,LAC,38,1,17.3,2.6,4.9,0.541,0.4,1,0.421,2.2,3.9,0.571,0.584,0.8,1.1,0.721,1.5,2.2,3.8,1.1,0.5,0.9,0.7,2.4,6.5
467,Cam Thomas,SG,22,BRK,43,28,29.7,7.7,17.4,0.441,2,5.5,0.361,5.7,11.9,0.479,0.499,4,4.8,0.836,0.3,2.5,2.9,2.6,0.7,0.3,1.8,2,21.4
468,Amen Thompson,SF,21,HOU,33,4,18.2,2.8,5.7,0.503,0.2,1.2,0.158,2.7,4.5,0.591,0.519,1.3,2,0.667,1.4,3.7,5.1,2.4,1,0.4,1.5,2.2,7.2
469,Ausar Thompson,SF,21,DET,52,27,23.8,3.5,7.3,0.476,0.2,1.6,0.146,3.3,5.7,0.567,0.492,1.2,1.8,0.638,2.2,4.4,6.6,1.9,1,0.9,1.3,2.8,8.3
470,Klay Thompson,SF,33,GSW,47,47,30.6,5.9,14.4,0.413,3.2,8.7,0.373,2.7,5.7,0.476,0.526,1.8,1.9,0.912,0.5,2.9,3.4,2.3,0.6,0.6,1.6,1.9,16.9
471,Tristan Thompson,PF,32,CLE,36,0,12.4,1.7,2.6,0.649,0,0,0,1.7,2.6,0.656,0.649,0.4,1.2,0.31,1.6,2.3,3.9,1.1,0.2,0.3,0.6,1.4,3.8
472,JT Thor,PF,21,CHO,42,1,13.7,1.2,3.3,0.367,0.5,1.4,0.317,0.8,1.9,0.405,0.435,0.2,0.3,0.538,0.9,1.7,2.6,0.4,0.2,0.4,0.3,1,3
473,Matisse Thybulle,SF,26,POR,50,18,23.3,1.9,4.8,0.402,1.3,3.8,0.351,0.6,1.1,0.585,0.539,0.3,0.4,0.8,0.4,1.5,1.9,1.3,1.6,0.8,0.5,1.4,5.5
474,Xavier Tillman Sr.,C,25,MEM,34,13,20.6,2.6,6.3,0.408,0.4,1.6,0.226,2.2,4.7,0.469,0.437,0.5,1.3,0.419,1.6,3,4.6,1.7,1.2,1,0.9,1.8,6
475,Jacob Toppin,SF,23,NYK,4,0,3.8,0.3,0.5,0.5,0,0.3,0,0.3,0.3,1,0.5,0,0,0,0.3,0.3,0.5,0.5,0,0.3,0,0,0.5
476,Obi Toppin,PF,25,IND,54,28,22.5,4.2,7.4,0.568,1.2,3.1,0.401,3,4.3,0.687,0.651,1,1.4,0.753,1.1,2.8,3.9,1.6,0.5,0.5,0.9,1.9,10.7
477,Juan Toscano-Anderson,SF,30,SAC,11,0,4.8,0.3,1.1,0.25,0.1,0.4,0.25,0.2,0.7,0.25,0.292,0,0,0,0.4,0.9,1.3,0.4,0.1,0.1,0.2,1,0.6
478,Karl-Anthony Towns,PF,28,MIN,51,51,33.2,8.1,15.7,0.516,2.3,5.2,0.442,5.8,10.5,0.552,0.589,4.1,4.7,0.871,1.4,7.1,8.5,3,0.7,0.6,2.9,3.3,22.6
479,Gary Trent Jr.,SG,25,TOR,48,18,26.3,4.3,10.3,0.419,2.4,5.8,0.419,1.9,4.5,0.419,0.537,0.6,0.9,0.667,0.3,1.9,2.2,1.5,1,0.1,0.7,1.2,11.7
480,Oscar Tshiebwe,PF,24,IND,6,0,5.7,1.3,2.7,0.5,0,0,0,1.3,2.7,0.5,0.5,0.8,1,0.833,1,1,2,0.3,0.3,0,0,0.2,3.5
481,P.J. Tucker,PF,38,TOT,15,3,15.9,0.4,1.3,0.316,0.3,1.1,0.313,0.1,0.2,0.333,0.447,0.2,0.2,1,1.1,1.8,2.9,0.5,0.6,0.2,0.3,2.3,1.3
481,P.J. Tucker,PF,38,PHI,3,3,22,0.7,1.7,0.4,0.7,1.7,0.4,0,0,0,0.6,0,0,0,0.3,4.3,4.7,0,1,0.7,0.7,3,2
481,P.J. Tucker,PF,38,LAC,12,0,14.4,0.3,1.2,0.286,0.3,0.9,0.273,0.1,0.3,0.333,0.393,0.3,0.3,1,1.3,1.2,2.4,0.7,0.5,0.1,0.2,2.2,1.2
482,Myles Turner,C,27,IND,51,51,27.3,6.2,11.9,0.522,1.4,4,0.34,4.8,7.9,0.616,0.58,3.3,4.2,0.778,1.6,5.4,6.9,1.4,0.5,1.7,1.5,3.3,17.1
483,Hunter Tyson,PF,23,DEN,9,0,3,0.1,0.8,0.143,0,0.7,0,0.1,0.1,1,0.143,0,0,0,0,0.7,0.7,0.1,0,0,0.2,0.7,0.2
484,Stanley Umude,SG,24,DET,17,0,11.2,1.5,3.1,0.481,1,1.8,0.548,0.5,1.2,0.381,0.644,1.3,1.4,0.917,0.2,1.6,1.8,0.5,0.2,0.3,0.6,1.6,5.2
485,Jonas Valan?i?nas,C,31,NOP,53,53,25.8,5.5,9.6,0.573,0.6,1.6,0.345,4.9,8,0.619,0.602,2.4,2.9,0.801,2.6,6.9,9.5,2.3,0.5,1,1.4,3,13.9
486,Jarred Vanderbilt,PF,24,LAL,29,6,20,2,3.9,0.518,0.3,0.9,0.296,1.8,3,0.586,0.553,0.8,1.2,0.667,1.4,3.3,4.8,1.2,1.2,0.2,1,1.5,5.2
487,Fred VanVleet,PG,29,HOU,47,47,36.7,5.5,13.5,0.409,2.9,7.7,0.374,2.6,5.8,0.456,0.516,2.6,3,0.859,0.4,3.4,3.7,8.2,1.1,1,1.6,2.2,16.5
488,Devin Vassell,SG,23,SAS,48,42,31.8,7,14.9,0.467,2.5,6.8,0.363,4.5,8.1,0.554,0.55,2.5,3.1,0.807,0.4,3.3,3.7,3.6,1,0.3,1.4,1,18.9
489,Sasha Vezenkov,PF,28,SAC,35,0,12.6,2.1,4.7,0.448,1.1,2.9,0.38,1,1.9,0.554,0.564,0.3,0.4,0.769,0.9,1.6,2.5,0.4,0.5,0.2,0.3,1,5.6
490,Gabe Vincent,PG,27,LAL,5,0,25.4,2.4,6.4,0.375,0.4,3.4,0.118,2,3,0.667,0.406,0.2,0.4,0.5,0.4,0.6,1,3,1.2,0,0.4,2.4,5.4
491,Nikola Vu?evi?,C,33,CHI,48,46,34.4,7.5,15.8,0.476,1.1,4.2,0.275,6.4,11.6,0.548,0.512,1.4,1.6,0.867,2.7,7.9,10.6,3.5,0.7,0.9,1.5,2.5,17.5
492,Dean Wade,PF,27,CLE,44,30,21.1,1.8,4.5,0.411,1.5,3.9,0.398,0.3,0.6,0.5,0.584,0.3,0.4,0.789,0.8,3.5,4.3,0.8,0.8,0.4,0.4,1.9,5.6
493,Franz Wagner,SF,22,ORL,45,45,33.3,7.9,16.4,0.479,1.7,5.2,0.322,6.2,11.2,0.551,0.53,3.8,4.5,0.851,1.1,4.5,5.6,4.1,1.1,0.4,2,2.3,21.2
494,Moritz Wagner,C,26,ORL,51,1,18.5,4.2,7.2,0.585,0.5,1.5,0.329,3.7,5.7,0.655,0.621,2.2,2.7,0.793,1.5,2.9,4.5,1.2,0.5,0.3,1.2,2.2,11.2
495,Ish Wainright,SF,29,POR,7,0,6.6,0.9,2.6,0.333,0.9,2.3,0.375,0,0.3,0,0.5,0.3,0.3,1,0,1.3,1.3,0,0.3,0.1,0.1,0.6,2.9
496,Jabari Walker,SF,21,POR,48,14,22.2,3.1,6.5,0.47,0.6,2,0.278,2.5,4.5,0.556,0.513,1.8,2.3,0.75,1.9,4.5,6.4,0.8,0.6,0.4,1,2.3,8.4
497,Jarace Walker,PF,20,IND,17,0,10.2,1.6,3.9,0.424,0.7,1.9,0.375,0.9,2,0.471,0.515,0.4,0.4,0.857,0.5,1.2,1.7,1.2,0.5,0.4,0.6,1,4.4
498,Lonnie Walker IV,SG,25,BRK,32,0,18.4,4.3,9,0.474,2.1,4.9,0.433,2.1,4.1,0.523,0.592,1,1.3,0.767,0.3,1.8,2,1.5,0.7,0.3,1.1,1.2,11.7
499,Cason Wallace,SG,20,OKC,53,9,20.8,2.6,5.2,0.502,1.2,2.8,0.409,1.5,2.4,0.611,0.613,0.4,0.5,0.846,0.6,1.6,2.2,1.3,0.7,0.4,0.5,1.7,6.8
500,Jordan Walsh,SF,19,BOS,3,0,5,0.3,0.7,0.5,0,0.3,0,0.3,0.3,1,0.5,0,0,0,0.3,1.7,2,0.7,0.3,0,0,0.7,0.7
501,P.J. Washington,PF,25,TOT,45,17,29.1,5.2,11.5,0.449,1.8,5.5,0.323,3.4,6,0.565,0.526,1.5,2.1,0.708,1.2,4.1,5.3,2.2,0.9,0.7,1.5,2.6,13.6
501,P.J. Washington,PF,25,CHO,44,17,29.2,5.2,11.6,0.446,1.8,5.5,0.324,3.4,6,0.558,0.524,1.5,2.1,0.713,1.2,4.1,5.3,2.2,0.9,0.7,1.5,2.5,13.6
501,P.J. Washington,PF,25,DAL,1,0,24,6,10,0.6,1,4,0.25,5,6,0.833,0.65,1,2,0.5,1,4,5,1,1,0,2,3,14
502,TyTy Washington Jr.,PG,22,MIL,3,0,4.3,0.3,1.7,0.2,0.3,1,0.333,0,0.7,0,0.3,0,0,0,0,0.3,0.3,0.3,0.3,0,0.7,0,1
503,Yuta Watanabe,SF,29,PHO,29,0,13.2,1.2,3.3,0.361,0.8,2.6,0.32,0.4,0.8,0.5,0.485,0.3,0.5,0.667,0.4,1.2,1.6,0.3,0.3,0.2,0.6,1.2,3.6
504,Lindy Waters III,SG,26,OKC,22,0,7.6,1,2.4,0.442,1,2.2,0.438,0.1,0.2,0.5,0.644,0,0,0,0,1,1,0.5,0,0.2,0.2,0.8,3
505,Trendon Watford,PF,23,BRK,37,0,11.7,2.3,4.3,0.535,0.3,0.9,0.344,2,3.4,0.583,0.569,0.8,1,0.861,0.9,1.8,2.7,1.5,0.4,0.2,0.7,1.5,5.7
506,Peyton Watson,SF,21,DEN,51,4,18.3,2.7,5.6,0.479,0.7,2.1,0.336,2,3.5,0.565,0.542,0.9,1.4,0.696,0.6,2.2,2.9,1,0.6,0.9,0.7,1.8,7
507,Victor Wembanyama,C,20,SAS,47,47,28.4,7.4,16.1,0.464,1.6,4.9,0.316,5.9,11.1,0.529,0.512,3.8,4.7,0.811,2.1,7.9,10,3.1,1.1,3,3.4,2.2,20.3
508,Blake Wesley,SG,20,SAS,32,1,12.3,1.6,3.1,0.515,0.1,0.7,0.136,1.5,2.4,0.623,0.53,0.5,1,0.531,0.3,0.9,1.1,2.6,0.6,0.1,0.6,1.6,3.8
509,Russell Westbrook,PG,35,LAC,51,10,22.9,4.6,9.8,0.468,0.7,2.4,0.292,3.9,7.4,0.524,0.503,1.5,2.3,0.658,1.5,4,5.5,4.6,1.1,0.4,2.1,1.8,11.3
510,Coby White,PG,23,CHI,53,53,36.3,6.9,15,0.459,2.8,7.2,0.395,4.1,7.8,0.518,0.554,2.7,3.2,0.826,0.5,4.2,4.7,5.2,0.7,0.2,2.2,2.3,19.3
511,Derrick White,SG,29,BOS,49,49,32.2,5.3,11.6,0.456,2.6,6.7,0.391,2.7,5,0.543,0.568,2.1,2.4,0.888,0.7,3.2,3.9,4.8,1,1.2,1.6,2.2,15.3
512,Cam Whitmore,SF,19,HOU,28,1,17,4.4,9.1,0.478,1.7,4.3,0.403,2.6,4.9,0.544,0.573,1.5,2.2,0.677,0.7,3,3.6,0.5,0.6,0.2,0.8,1.4,11.9
513,Aaron Wiggins,SG,25,OKC,50,0,14.3,2.4,4.1,0.585,0.8,1.5,0.519,1.6,2.6,0.623,0.681,0.5,0.7,0.75,0.7,1.7,2.4,1,0.5,0.1,0.5,1.2,6.2
514,Andrew Wiggins,SF,28,GSW,45,34,27,4.8,10.7,0.443,1,3.2,0.317,3.8,7.6,0.496,0.49,1.8,2.6,0.709,1.6,2.7,4.3,1.6,0.5,0.5,1.2,2.3,12.4
515,Lindell Wigginton,PG,25,MIL,3,0,2.7,0.7,1.7,0.4,0,0.7,0,0.7,1,0.667,0.4,0.7,0.7,1,0,0,0,0,0,0,0.3,0.3,2
516,Brandon Williams,PG,24,DAL,10,0,5.4,0.8,2,0.4,0.2,0.6,0.333,0.6,1.4,0.429,0.45,0.6,1.1,0.545,0.3,0.4,0.7,1.2,0.1,0.1,0.3,0.1,2.4
517,Grant Williams,PF,25,TOT,48,33,26.5,2.8,6.8,0.415,1.7,4.5,0.38,1.1,2.3,0.482,0.54,0.9,1.2,0.754,1,2.7,3.7,1.7,0.5,0.6,1.1,2.9,8.3
517,Grant Williams,PF,25,DAL,47,33,26.4,2.8,6.7,0.413,1.7,4.5,0.376,1.1,2.3,0.486,0.538,0.9,1.2,0.745,1,2.6,3.6,1.7,0.5,0.6,1.1,2.9,8.1
517,Grant Williams,PF,25,CHO,1,0,32,5,11,0.455,3,6,0.5,2,5,0.4,0.591,2,2,1,0,8,8,1,0,0,2,0,15
518,Jalen Williams,PF,22,OKC,47,47,32,7.4,13.7,0.54,1.5,3.3,0.451,5.9,10.4,0.568,0.594,2.6,3.2,0.809,0.6,3.6,4.1,4.6,1,0.5,1.7,2.6,18.9
519,Jaylin Williams,C,21,OKC,45,0,12.3,1.2,3.2,0.377,0.7,2,0.337,0.5,1.2,0.444,0.483,0.5,0.6,0.84,0.5,2.6,3.2,1.3,0.4,0.4,0.4,1.4,3.6
520,Jeenathan Williams,SG,24,HOU,8,0,7.9,1.8,3.6,0.483,0.1,0.4,0.333,1.6,3.3,0.5,0.5,0.5,0.9,0.571,0.9,0.1,1,0.4,0.3,0,0.1,1,4.1
521,Kenrich Williams,PF,29,OKC,42,1,15,1.8,3.9,0.46,0.8,2,0.4,1,1.9,0.526,0.564,0.1,0.2,0.3,0.8,2,2.8,1.3,0.6,0.1,0.4,1.5,4.5
522,Mark Williams,C,22,CHO,19,19,26.7,5.2,7.9,0.649,0,0,0,5.2,7.9,0.649,0.649,2.4,3.4,0.719,4,5.7,9.7,1.2,0.8,1.1,0.9,2.6,12.7
523,Patrick Williams,PF,22,CHI,43,30,27.3,3.7,8.3,0.443,1.4,3.4,0.399,2.3,4.9,0.474,0.525,1.2,1.5,0.788,1.1,2.8,3.9,1.5,0.9,0.8,1.3,2,10
524,Robert Williams,C,26,POR,6,0,19.8,2.8,4.3,0.654,0,0,0,2.8,4.3,0.654,0.654,1.2,1.5,0.778,1.8,4.5,6.3,0.8,1.2,1.2,1.2,2.8,6.8
525,Vince Williams Jr.,SG,23,MEM,41,22,26,3,6.8,0.441,1.6,4.1,0.382,1.4,2.7,0.532,0.557,1.7,2.2,0.798,1.2,4.2,5.5,2.6,0.8,0.6,1.3,2.5,9.3
526,Ziaire Williams,SF,22,MEM,44,9,18.8,2.7,7,0.39,1.1,3.5,0.314,1.6,3.5,0.467,0.469,1.1,1.3,0.831,0.7,2.7,3.4,1.5,0.6,0.2,1.3,1.7,7.7
527,Zion Williamson,PF,23,NOP,42,42,30.4,8.8,14.9,0.587,0.1,0.3,0.364,8.7,14.7,0.591,0.59,4.7,6.9,0.681,1.7,3.8,5.5,4.8,1,0.5,2.5,2.4,22.3
528,Jalen Wilson,PF,23,BRK,14,1,13.7,1.8,3.6,0.49,0.6,1.2,0.471,1.2,2.4,0.5,0.569,1.2,1.4,0.895,1.3,1.4,2.6,1.1,0.4,0.1,0.3,1.1,5.4
529,Dylan Windler,SF,27,TOT,7,0,2.7,0.6,1,0.571,0.6,0.9,0.667,0,0.1,0,0.857,0,0,0,0,0.4,0.4,0.6,0,0,0,0.3,1.7
529,Dylan Windler,SF,27,NYK,3,0,2.3,0.3,0.7,0.5,0.3,0.7,0.5,0,0,0,0.75,0,0,0,0,0.3,0.3,0.3,0,0,0,0.3,1
529,Dylan Windler,SF,27,LAL,4,0,3,0.8,1.3,0.6,0.8,1,0.75,0,0.3,0,0.9,0,0,0,0,0.5,0.5,0.8,0,0,0,0.3,2.3
530,James Wiseman,C,22,DET,33,0,13.9,2.5,3.7,0.675,0,0.1,0,2.5,3.7,0.686,0.675,0.7,1.1,0.622,1.4,2.5,3.9,0.6,0.1,0.6,0.8,1.9,5.7
531,Christian Wood,PF,28,LAL,48,1,17.5,2.5,5.3,0.468,0.7,2.3,0.315,1.8,3,0.583,0.536,1.3,1.9,0.696,0.8,4.3,5.1,1,0.3,0.7,1,1.4,7
532,Delon Wright,PG,31,WAS,31,0,14.5,1.5,3.8,0.395,0.5,1.2,0.378,1.1,2.6,0.402,0.454,0.8,0.9,0.828,0.4,1.5,1.9,2.6,1.1,0.3,0.3,0.7,4.3
533,Thaddeus Young,PF,35,TOR,23,6,15.2,2.3,3.8,0.621,0,0.3,0.167,2.3,3.5,0.654,0.626,0.2,0.5,0.417,1.3,2,3.3,2.2,0.8,0.1,0.5,1.7,5
534,Trae Young,PG,25,ATL,48,48,36.6,8.5,19.6,0.432,3.4,9,0.377,5.1,10.6,0.477,0.518,6.8,7.9,0.855,0.4,2.3,2.8,10.8,1.5,0.2,4.4,2,27.1
535,Omer Yurtseven,C,25,UTA,28,6,9.5,1.4,2.9,0.481,0.1,0.5,0.2,1.3,2.4,0.545,0.5,0.2,0.4,0.545,1.3,2.5,3.8,0.5,0.1,0.4,0.9,1.3,3.1
536,Cody Zeller,C,31,NOP,36,0,8,0.6,1.5,0.396,0,0.1,0.333,0.6,1.4,0.4,0.406,0.6,1,0.6,1.1,1.6,2.6,0.9,0.2,0.1,0.4,1.1,1.8
537,Ivica Zubac,C,26,LAC,41,41,26.6,5.1,7.8,0.658,0,0,0,5.1,7.8,0.658,0.658,1.8,2.7,0.655,3.1,6.3,9.4,1.2,0.2,1.3,1.1,2.7,12
